Documentation	CMP	.Theme Preview	ef64ccbd42045f72b6a74fb640149993983d95e2
Typography	CMP	Typography / H2	701cc4e415ad4ff2c36329155630e99c1f5ac207
Typography	CMP	Typography / H3	05b7cf08450d75decd7108880b2416f478afbcb0
Typography	CMP	Typography / H4	962806580c21202bd8b5642e2702288ec8749002
Typography	CMP	Typography / P	1d5e76168b91d9d8b16a69231a63f6ebedfc86ae
Typography	CMP	Typography / Blockquote	84c9f1a58fdf6c29f42564a1879c0b1bc15a3dfd
Typography	CMP	Typography / List	e2f7042a6f18536527903885cfa8cea5b6aa491a
Typography	CMP	Typography / Rich Text	9dc61097e820908d30b24498c3ad2aec4c3a4a26
Typography	CMP	Typography / InlineCode	c6fa9a8ae95fe6c6fe318a31b803599ed8b4fcdc
Typography	CMP	Typography / Lead	db3cdd6a204193aa52ca0b649f36e3fc9df3a9b1
Typography	CMP	Typography / Code	d669371adf221fb2b7beadb89553beade0f9cf66
Typography	CMP	Typography / Large	7ef4c39713cc499122cc92b7cd52d2ee21f4cd7f
Typography	CMP	Typography / Small	4bdb2c833b2a2969285ceb7b53806318703b6939
Typography	CMP	Typography / Muted	e5760ae53d67616fc04241be4e341c24ead65859
Typography	CMP	Typography / H1	2e76872053ea0a2a3cd88818db1a1c1dfac8a845
Assets	SET	Social Media Icon	5e432c15a0ff6ef777e5f0264943abd384899c9d
Assets	SET	Flag	d1a71b2f2a83f4f520e9258320735fa9c44b4ce3
Assets	SET	Payment Method Icon	cdb88052c60a4d89fd4956cfaafed50cf1ffbe56
Assets	SET	Crypto Icon	abb2bd51c56aeb13b121ee41fbf5f4b746f05838
Assets	SET	Store Badge	57a341bba256caf528f4827b7c71d96c07d7abb0
Assets	CMP	Image Placeholder	f3004302bcbe83594db2532fbb4a3a7c4eadc803
Assets	CMP	Video Placeholder	6ee5b248d4e7137467e4d34b662b95bccae1d323
Assets	SET	Cursor	1f2a29fec251c7c8e857ab5a704be50552b7c42b
Assets	CMP	Emoji	e7057a6bd2b462ebb1f0915e72930b46c9e716df
Assets	CMP	Icon / AArrowDown	86f5061c3a91b1eed7a52ddebc03a7704e05f0a8
Assets	CMP	Icon / AArrowUp	8a1b332fdf328387020474d29d5666cf95e3b5d2
Assets	CMP	Icon / ALargeSmall	0d0432f14b26dc1d52de8ac865d069020d7108d6
Assets	CMP	Icon / Accessibility	de90807af89bed2e116c539bddf1724d076a289b
Assets	CMP	Icon / Activity	912db5025e44cd4d1ed58413e0d2eb4d67487d83
Assets	CMP	Icon / AlignStartHorizontal	7e69f31675801f152e4b882002a2329ee913d002
Assets	CMP	Icon / AlignStartVertical	af8cacddea7e505317c9affe230e26ae8a1a0667
Assets	CMP	Icon / AlarmClockCheck	3ba925b62915f7bd67b67772162eda44010e5484
Assets	CMP	Icon / AlarmClockMinus	2ca0dc18aa450d4dd08ab92a295ead4f9c8d1a17
Assets	CMP	Icon / AlarmClockOff	df00bc680f339be11b7a99a6e5d0b011adbfcc07
Assets	CMP	Icon / AlarmClockPlus	c4cd184d8bb448eba3f7d58fab81bb271ef03c20
Assets	CMP	Icon / AlarmClock	629c1b9fe82c6e69f87bf7f801abcaac0b57b5b4
Assets	CMP	Icon / AlarmSmoke	20dc1bb439527149455101955addd8ec7f1fc416
Assets	CMP	Icon / AlignVerticalSpaceAround	c207315abc115931415106ee105ab7c99f39aeaf
Assets	CMP	Icon / AlignVerticalSpaceBetween	5b791a243adde8032b5b016b54c37372ae788cd8
Assets	CMP	Icon / Ambulance	9cdcd0dac1a77d587cbcd966f975a79b86a0d00c
Assets	CMP	Icon / AlignCenter	1c14874e0dac6e1d77a5a778d24d193fb4858365
Assets	CMP	Icon / AlignEndHorizontal	04ceae1da14bb312d5d78bde506788b947fb00f3
Assets	CMP	Icon / Anchor	0a5b5099d9f0e5052f12456c306cd6b0e9eee605
Assets	CMP	Icon / AlignHorizontalDistributeCenter	b38dd0653bbacea28e769ac160b14af113cc5d04
Assets	CMP	Icon / Annoyed	49eb7fa26a0b01483aa540ab755dfdb8fa22cb5f
Assets	CMP	Icon / AlignHorizontalDistributeStart	bb4af91be9ac4f7fca33d768ecbcbbf345fa4523
Assets	CMP	Icon / Anvil	2a0d83ca003b6bacf19dff5acdb3ccb46e830a2d
Assets	CMP	Icon / Aperture	aa3aee310c5f650247173501a53057bb042a87c5
Assets	CMP	Icon / AlignHorizontalJustifyStart	924e957bdabbe70d04a521183ef25fe297a444c5
Assets	CMP	Icon / AppWindow	428996eb9dfcb1e17a6b19e4d928e7736afe19f7
Assets	CMP	Icon / Apple	70475fe6775edcb9c76cae6fa666d1495a559843
Assets	CMP	Icon / ArchiveRestore	2adf89dbf380b4857efabaea6a3d7de213d1ef85
Assets	CMP	Icon / ArchiveX	676e8a10df7ffa6ef28f472d337b3ed30d10b0af
Assets	CMP	Icon / Archive	0204dc22f0f6d386a7c8cc224bb912092a220b08
Assets	CMP	Icon / AreaChart	8c5fbeaf74bdaffa365e9613be8b778f4c3292c1
Assets	CMP	Icon / Armchair	558c38fb279596af4315d7be69ecfac63690b7ad
Assets	CMP	Icon / ArrowBigDownDash	d8b3338b3651417a4f169af491525f2f0dc44ae8
Assets	CMP	Icon / ArrowBigDown	f8e49f596cf9a67a299b447cb9fc4fd9ef2ff7f1
Assets	CMP	Icon / ArrowBigLeftDash	b6a49dab272c177e20abf8a9e7f21f48eb096bde
Assets	CMP	Icon / ArrowBigLeft	c7a68a2bfe60a8dd19f4b33090ef0a278d08c5ea
Assets	CMP	Icon / ArrowBigRightDash	33ee4f3f728c147aa643484ed84dbf4f43ac7fba
Assets	CMP	Icon / ArrowBigRight	dabec79ab5f688c714f40ffe9d8bca6ce24196f9
Assets	CMP	Icon / ArrowBigUpDash	52509ff5388b281c16c85efc7eb18a843a8f736e
Assets	CMP	Icon / ArrowBigUp	e394943080a3956a41847a6c8634ae7dbd8b8d4f
Assets	CMP	Icon / ArrowDown0_1	cddb7ba709ef7139f848662f8ab931570c5b36ca
Assets	CMP	Icon / ArrowDown1_0	a2752e17ab82b63b0dc0e2bf0a224df490025e86
Assets	CMP	Icon / ArrowDownAZ	ab048328c8785a92298ed774cb55ca9a614e0f91
Assets	CMP	Icon / ArrowDownFromLine	64aae29c04ad66a0c2a62725df05dc045cf1e651
Assets	CMP	Icon / ArrowDownLeft	547fbfc0ee7293f491d67436383d7769a7231a34
Assets	CMP	Icon / ArrowDownNarrowWide	31a0890b49b749b8964a0a7516ee85414aee8570
Assets	CMP	Icon / ArrowDownRight	22e40176d87c5b3be3b992aba7854420f8b8901e
Assets	CMP	Icon / ArrowDownToDot	f5d3201310cb6114431287496cc77bf7fbfef0cc
Assets	CMP	Icon / ArrowDownToLine	2c5a56c07da9446aa42c05cb8481ab6e5bb6aa8b
Assets	CMP	Icon / ArrowDownUp	3e2872b95fbfa7802e8040d85035850430154474
Assets	CMP	Icon / ArrowDownWideNarrow	d3f4926ba044be6d7e4ad2dc2fa923b6a1d85660
Assets	CMP	Icon / ArrowDownZA	103af02313f85f7840d4bd92909711b7ff8cc8c1
Assets	CMP	Icon / ArrowDown	ca30ed7a74eee3fa6a22664f1274ab7a82423b79
Assets	CMP	Icon / ArrowLeftFromLine	d99a29b573b9ce5240eed7bec3a5509c46c98db1
Assets	CMP	Icon / ArrowLeftRight	a277eaf0ea46a0da245d1c572d4d7c053230266f
Assets	CMP	Icon / ArrowLeftToLine	a5874a675048a7cca822c6bf8df6ee380bbfbb7c
Assets	CMP	Icon / ArrowLeft	0d83705cef60a4eb9be75d23f433aaa7bc4b5381
Assets	CMP	Icon / ArrowRightFromLine	bdd80e324bf8680117c24e7c51c2c53847ded7c2
Assets	CMP	Icon / ArrowRightLeft	01a15eb084967d0bc2f311a7d59bc4370a7acf28
Assets	CMP	Icon / ArrowRightToLine	2e2979aafb353cc75245b9080904b5f411cb8389
Assets	CMP	Icon / ArrowRight	6b304385f0f8273c2f7b3ca84bcd8b4471d32611
Assets	CMP	Icon / ArrowUp0_1	3de6bc559700120038bac99efaca8af0e38fa269
Assets	CMP	Icon / ArrowUp1_0	1433418a30d2a1babe528ef2fbf106081e2e0113
Assets	CMP	Icon / ArrowUpAZ	2b9cb38fe6c4b60c923ac82f3e4eeb5a0347c0ab
Assets	CMP	Icon / ArrowUpDown	79a6079e002160f23c31954f2d4126b6f53b5965
Assets	CMP	Icon / ArrowUpFromDot	2f10fb21c66b6248fb4c64f5b99a39cf324d5906
Assets	CMP	Icon / ArrowUpFromLine	67bef51b6a47d07ba2c22b098b5f5166ae181a63
Assets	CMP	Icon / ArrowUpLeft	6258aa00f2e1196f6cc2f2ec36181163cf87f34c
Assets	CMP	Icon / ArrowUpNarrowWide	8f4605606022d83149ec4022a522cbd7c4905133
Assets	CMP	Icon / ArrowUpRight	12524770d99aad02bd259fa573fe90ee51d9ea5d
Assets	CMP	Icon / ArrowUpToLine	0ab039f31b696fc7dcfeb44cbeceda4bd3426531
Assets	CMP	Icon / ArrowUpWideNarrow	6ae694af1468713391415a317127aed5db7d408e
Assets	CMP	Icon / ArrowUpZA	dedfe3ea4186a26afdf599f62d16dbd06faaddc4
Assets	CMP	Icon / ArrowUp	c708f47c34675a9d75360b156d0592bbf242515b
Assets	CMP	Icon / ArrowsUpFromLine	1c1b398cc170aa148b3e1b6caf7ac216723e30e6
Assets	CMP	Icon / Asterisk	1e9face2f4ae89d1ec804bd795c1e2c987aa4299
Assets	CMP	Icon / AtSign	3537562a5dfdd17058268cfcf5d75f950decbc6e
Assets	CMP	Icon / Atom	d9013505caa72c21d0fd91d1a778713839c84966
Assets	CMP	Icon / AudioLines	22a231ae884882aaab949358e719201323bb60fe
Assets	CMP	Icon / AudioWaveform	24887a4532afa1610110892b6b199498c650f43b
Assets	CMP	Icon / Award	65b17bae7e73c75ec94a8fc0e1e012c6b11cf714
Assets	CMP	Icon / Axe	c9c4f85d6dcdea05292290837d69dbbca24f1232
Assets	CMP	Icon / Axis3d	b308a09b0ce17a96677c35f6240ee5cc67fb40ed
Assets	CMP	Icon / Baby	1c1a3aae77161ce654f031a692236589ee264a7f
Assets	CMP	Icon / Backpack	924355abb4a0b675ef79b0ed44c111512bd75fed
Assets	CMP	Icon / BadgeAlert	9aa2627e8e1bfa0e08dc21f5889d70c88fd373d5
Assets	CMP	Icon / BadgeCent	c9a5e47f66a9f797b97fb184b85bacb60d484144
Assets	CMP	Icon / BadgeCheck	c9f7cc8f1f298e12b3d344b65aeb56245a4ee714
Assets	CMP	Icon / BadgeDollarSign	da6401a69b7ccc2e87a868bdc44ed4d1f21344c8
Assets	CMP	Icon / BadgeEuro	7b4044014b1339147ae1535ca23980ddf78bf00f
Assets	CMP	Icon / BadgeHelp	6251904153560bea3ab969b6b5d517481a543f08
Assets	CMP	Icon / BadgeIndianRupee	3325750a6268c3f4ebf2d741326af1cb0731c731
Assets	CMP	Icon / BadgeInfo	ac3a8762a80d111d085ee3afd55bec9c06640cee
Assets	CMP	Icon / BadgeJapaneseYen	b408b97f6e9007ca6a736f57b8ab27034dbfb2e6
Assets	CMP	Icon / BadgeMinus	6ff2a2d67b4eaa3a03a785170c712fef483e0b27
Assets	CMP	Icon / BadgePercent	0fac8e4e79c4744344d719125df965ba95c3ae80
Assets	CMP	Icon / BadgePlus	1184d4277a6c6671d547c8d50d7627cabc886fb7
Assets	CMP	Icon / BadgePoundSterling	256f93b9e6b638af8e62973f7fee6bad1867d50e
Assets	CMP	Icon / BadgeRussianRuble	6002afa3e435b0368064d047bc84d19cd09359c1
Assets	CMP	Icon / BadgeSwissFranc	b197b5434f75f0df24288bacf3495095fb18066a
Assets	CMP	Icon / BadgeX	ddd2110ff7e3fea5e2cf4f6d8e6a9be8dad57a0a
Assets	CMP	Icon / Badge	7ff9c3db532f0fb4f3d13ae014092f9256e3bd86
Assets	CMP	Icon / BaggageClaim	9c0efdae5f9f4e23089b85c654ce8763dae23421
Assets	CMP	Icon / Ban	1e400fbf69856591ee94b83528d084d679694999
Assets	CMP	Icon / Banana	166a9cb4a8968c08ad33bd9eeea20e09d97b863a
Assets	CMP	Icon / Banknote	9342618b46a4d805fa397f17fc8937199e02a4e4
Assets	CMP	Icon / BarChart2	a92ff3a3535cd98b22e80b04489ca38d84fc82bf
Assets	CMP	Icon / BarChart3	7838cd96387d286e377536484c43a39c04a10019
Assets	CMP	Icon / BarChart4	aaaa29f6e193ce1b3aa36a8b8d764eacc8c6784b
Assets	CMP	Icon / BarChartBig	8eaa25f76ad4fdf7b165ed067b7fc242959622b7
Assets	CMP	Icon / BarChartHorizontalBig	6b19fe0a73a51dd7045482fa3237534f9b784f8d
Assets	CMP	Icon / BarChartHorizontal	4cd729fedc487f3635622fbb0181511982e48e63
Assets	CMP	Icon / BarChart	6c1cd3fc11147391d044f2a7914a9f1d91d9439e
Assets	CMP	Icon / Barcode	c37f88a638f215ac7e7623b541f7725ce78e60ba
Assets	CMP	Icon / Baseline	b03dac9fdb4f40d4569ec6e72efadf3df5fc0481
Assets	CMP	Icon / Bath	50fcc61b8290163675fe3885efe14d73563b8364
Assets	CMP	Icon / BatteryCharging	16da0bbe5c1078a122566f3cf6f968d6bd7e8fde
Assets	CMP	Icon / BatteryFull	2e3f4336ac20ad74d8909068213f208279e66a81
Assets	CMP	Icon / BatteryLow	def1eb533c1ff6ec4f43af0a29bf0c919c98008f
Assets	CMP	Icon / BatteryMedium	9a2d846453779ffce329279d64bb74da6a018896
Assets	CMP	Icon / BatteryWarning	3829eea11b60ab85c6ec68cf5dcebfabcc64f703
Assets	CMP	Icon / Battery	e53defca3e915b92051ad247bb4a1e477ab8f376
Assets	CMP	Icon / Beaker	214ba421b06667e5b47cd9eb8518e485472b617b
Assets	CMP	Icon / BeanOff	42e4b22735796096bc09f8a70006fadcbf750ebb
Assets	CMP	Icon / Bean	b89afe026292da25b89f40735386e639cfbe8894
Assets	CMP	Icon / BedDouble	67f6b1bb9000d50e3c3443622439eb2909e199e6
Assets	CMP	Icon / BedSingle	bebf195df98f95d7152289533228f767655e58f5
Assets	CMP	Icon / Bed	9207496a81085ad1a43d94ccaf015968a3174083
Assets	CMP	Icon / Beef	3e9a3229c105e4a647d4b674c4c173c2efd56a5c
Assets	CMP	Icon / BeerOff	81b983a5df536c918115111bf1619faa77ed9815
Assets	CMP	Icon / Beer	096cf5b9fe0cf80faf3cdeaa010112a44ddc8715
Assets	CMP	Icon / BellDot	1d73b80078ccff2b032680c56179f7ad7740891d
Assets	CMP	Icon / BellElectric	4463ae6eb06fad5369338d38a27cb3f75e518a75
Assets	CMP	Icon / BellMinus	4789a24150e1ed02242d3326308ae605d6d989ee
Assets	CMP	Icon / BellOff	bae569d80c28e0228861176d72813f92aad8aa01
Assets	CMP	Icon / BellPlus	36bb8c291a87d4dc8d1b8fbd5ee7fa9b837c7513
Assets	CMP	Icon / BellRing	1eea9feb0830ffc93f703d19da890942f36d722b
Assets	CMP	Icon / Bell	e56fe98ff73466211e065500b89644dc41330677
Assets	CMP	Icon / BetweenHorizontalEnd	18c7e5d1e5cc4d1dc59f5e43e2be099ad3d1d9db
Assets	CMP	Icon / BetweenHorizontalStart	6ac56679aba835679c5386d24215ee5bc640ea78
Assets	CMP	Icon / BetweenVerticalEnd	22ec05f3b64c10b84c8ea48d220522cd1809f822
Assets	CMP	Icon / BetweenVerticalStart	a5b8cbed8c10885776947acc69f49e6bd24f21db
Assets	CMP	Icon / BicepsFlexed	2b95d160c9e716d290ea6a8d8b34f2be5460fd2c
Assets	CMP	Icon / Bike	852b512cbd7e6afa71344335aff3030396010025
Assets	CMP	Icon / Binary	0bb6b163a1dd52014bc7608d9726fda85e5bf912
Assets	CMP	Icon / Biohazard	cf981b6d7915cb80d8a50fec23adaa3248ae8044
Assets	CMP	Icon / Bird	3c92d4e0dbcc0817e7d9c5db08e160c9072a904a
Assets	CMP	Icon / Bitcoin	b4c8927b5e39433f05e7cb86d9c4b69ebc9e406c
Assets	CMP	Icon / Blend	5a1363cf539268f64a12bc4dc7247bb65559dead
Assets	CMP	Icon / Blinds	7e2ddfb01335a41ed7bc914a2ed4bac3fd7efb5f
Assets	CMP	Icon / Blocks	6ac2fd317f6ad724dd1dc72d57d0a9f529f61954
Assets	CMP	Icon / BluetoothConnected	eeb39f010376be68c99e1382f008d90d3d077429
Assets	CMP	Icon / BluetoothOff	5b5e0a166fc22805d45b5ddad3afc27ba54cd766
Assets	CMP	Icon / BluetoothSearching	498d8a9746b37caea5968df797184cbd350590bc
Assets	CMP	Icon / Bluetooth	2ef3c678298b68bbab78f1029f6a982a4237fe7a
Assets	CMP	Icon / Bold	c601011d4706a64ac79b8d77b70a9125f7dc4b31
Assets	CMP	Icon / Bolt	879866b24c2898f9c93067bdd7c9dd42345233a2
Assets	CMP	Icon / Bomb	c2e68a549567723df2eae4d6acbd4f28b7c98558
Assets	CMP	Icon / Bone	2cb455629c5ab00a65f1747eed38a3e5aff04142
Assets	CMP	Icon / BookA	5911c870e222e5890bf62b985ca955cd043ae302
Assets	CMP	Icon / BookAudio	c51a7d4b263d7dc7c52be6d34b8778109a8137ba
Assets	CMP	Icon / BookCheck	07249211c5a47c84421f32c3b35dac5fefdd2cb3
Assets	CMP	Icon / BookCopy	9c1f3413c00d94cafa1a62cf7b601b7aee5aa6f7
Assets	CMP	Icon / BookDashed	1792ebe5d9d545adf2f429a4ee153506933ef083
Assets	CMP	Icon / BookDown	853a0f469fc5d021de9209c0cd9d726565c3e5fd
Assets	CMP	Icon / BookHeadphones	810a9225eb9f5831f2074f4a6626b6af52c71ea6
Assets	CMP	Icon / BookHeart	f5b21c8fcec5a2f7cb51b3022b51168624fcad6e
Assets	CMP	Icon / BookImage	2f42c80e747a137104a7a34e4e4c5faed3e12dc4
Assets	CMP	Icon / BookKey	04eb104d54755c80aeb34e557a850511a5067a01
Assets	CMP	Icon / BookLock	bc0d7186151fb46ac37f8092b9b20399ac891d12
Assets	CMP	Icon / BookMarked	12b9c0f967366942476177ede371d86e86c02150
Assets	CMP	Icon / BookMinus	24186518c620b107130e4048a7126a8ff70dd783
Assets	CMP	Icon / BookOpenCheck	93b6992e6b4d71cc2af768b37aea793baeb84e9e
Assets	CMP	Icon / BookOpenText	28b011b42822ad4ba5538ea42566dc69ca452d29
Assets	CMP	Icon / BookOpen	dc7e9c0cd401b050c8280d230bfb823fec51d4a5
Assets	CMP	Icon / BookPlus	82d734dc51cc807d2183050717fc3713a3f3c267
Assets	CMP	Icon / BookText	d3c598e39ed2c030e86b6d91bf25cef008c662f9
Assets	CMP	Icon / BookType	b317697205e6dd22537a8b538516c769dfcacbe5
Assets	CMP	Icon / BookUp2	012eba09c7bf66648a1a29cb5bf7a1eadc529acd
Assets	CMP	Icon / BookUp	63ffb0ed36d9b7e9f9a984364ee184eecab67117
Assets	CMP	Icon / BookUser	892aade1383d4cb6cebabb18641c794facbef5b1
Assets	CMP	Icon / BookX	e1ba2effb7274d34a8e60b04ec9531c4da96f204
Assets	CMP	Icon / Book	c6fae82145aa1a70e33d44a0bd7ac24250c9748f
Assets	CMP	Icon / BookmarkCheck	6c516d32e85eadf9f439dc03ec17f922388b303f
Assets	CMP	Icon / BookmarkMinus	9a2d88a5cac4ebcf9ff11a85dbc6fae251f0366a
Assets	CMP	Icon / BookmarkPlus	986ef7be379ab961b3ba5730f1cdd155656fedb3
Assets	CMP	Icon / BookmarkX	0628009653b3945989b57348d688c318fbf17a0f
Assets	CMP	Icon / Bookmark	1339a08c01d93df3c89051be35c9dd206829a68e
Assets	CMP	Icon / BoomBox	78c4584f4d8b7955775c75910b0c21b8238400e7
Assets	CMP	Icon / BotMessageSquare	74101301082ca041b33721dee67e10ab9f4042b4
Assets	CMP	Icon / BotOff	ffda05c50a614733510d0d131ffe29e12b953aff
Assets	CMP	Icon / Bot	5f8ff84ef1721a3f071eda2a46a19d677b004fda
Assets	CMP	Icon / BoxSelect	1d4c1aaf7e3d3710f50546fb20d36724e159c345
Assets	CMP	Icon / Box	33f2e7a9bb747c2703dad3d1ab5af82e5d2eef28
Assets	CMP	Icon / Boxes	50352b3c675fa684c8fd58ab2c73db7643c67ecc
Assets	CMP	Icon / Braces	3b37888a25c651f06330e036febea19b3812d9b7
Assets	CMP	Icon / Brackets	ca1dea4b7c0aee25dc11fbb126916c957a3b1fc5
Assets	CMP	Icon / BrainCircuit	f86d5c4cd729b89325d688b4ce4178ace2916e8a
Assets	CMP	Icon / BrainCog	89b9be04777ec8b34146d28217e641c69bd6270c
Assets	CMP	Icon / Brain	bf39f6bf539d3882bec540c926d43ebe26024356
Assets	CMP	Icon / BrickWall	62c632435570b2c8ec99012cf18122ea57edfb52
Assets	CMP	Icon / BriefcaseBusiness	8c8faceb7f2e13088452380ba1ade93b85ad9c7d
Assets	CMP	Icon / BriefcaseMedical	700d5ed05dbb6846657018724aa2f0ac28ae4e50
Assets	CMP	Icon / Briefcase	d551cbdaca18752e6d00659beddf8c19e81a3ad6
Assets	CMP	Icon / BringToFront	c1c2c90cc5465e2fe1d1b0c75585284be4db3fda
Assets	CMP	Icon / Brush	5877f1e5d16b093a679c5a011f9a67cfbc2a8943
Assets	CMP	Icon / BugOff	7def2182762459b973c612cf0ae61aed0ec38da4
Assets	CMP	Icon / BugPlay	5b5566b51b9d8521ae4d92a603d4690ff97a1250
Assets	CMP	Icon / Bug	75d6cf5268137864dc1502e1c6fabbdb5c737e91
Assets	CMP	Icon / Building2	48e75b119da6091cf9a5f67e2dc962ee4123b28c
Assets	CMP	Icon / Building	35e9fdbf3bb70f8ef336997b3ffb51dff9725436
Assets	CMP	Icon / BusFront	443bc993a3447078096c8e835f96957079e5e000
Assets	CMP	Icon / Bus	5c56948b75cd020fc48a8e4e58018e057b0b5640
Assets	CMP	Icon / CableCar	d71f3800c87c4907907a786a0e9fe847e3c60864
Assets	CMP	Icon / Cable	d75e2ab3fe238c0fc977b3415ff1552a0cea2623
Assets	CMP	Icon / CakeSlice	efff5cc10cddfeaf3587cd4a437b039cd06101a0
Assets	CMP	Icon / Cake	f593f3a30acbe2e7cf054fdddfb390d18552349b
Assets	CMP	Icon / Calculator	e93cd2c4a54fb8dc702082ca5af8bd0c9841e9e7
Assets	CMP	Icon / CalendarCheck2	3b6ee24f7283213c2f47d5efc95c1fae39bd07d7
Assets	CMP	Icon / CalendarCheck	0a0b97ae6040d23a76a026df214b95af2dd7b5e6
Assets	CMP	Icon / CalendarClock	63ee81c22069c9aedcb34be2cd2a075bf37e3233
Assets	CMP	Icon / CalendarCog	a5521d54208e207538226bbe0af63ef65146bd9c
Assets	CMP	Icon / CalendarDays	221799cc9ae9fb2a68c326d54a022083120f94a6
Assets	CMP	Icon / CalendarFold	8e731719e803ea2e9bcb95d150a00d7157a5d049
Assets	CMP	Icon / CalendarHeart	b5f12b827b988c8acc72952ea367a4e7298f242a
Assets	CMP	Icon / CalendarMinus2	4c88323fe3fd4cddfa38389e820a000af6c550c0
Assets	CMP	Icon / CalendarMinus	f7764582058dd4d92caf814b4991ae0bec9cf38c
Assets	CMP	Icon / CalendarOff	a52c1ea2b072a28577ee80feef19e15195ccc7b9
Assets	CMP	Icon / CalendarPlus2	b91c1463785847476bd76e42ef314791f28be916
Assets	CMP	Icon / CalendarPlus	9f5627cb0231791ff3dabb3e7a79a5f283ad18e9
Assets	CMP	Icon / CalendarRange	b1d07e48f76ddd5a0a3cf30870628d5c2889f02f
Assets	CMP	Icon / CalendarSearch	874f680c8f81e5c67893f0741a8837a49fce0714
Assets	CMP	Icon / CalendarX2	b6401b99da79001124a3eedcfc899a26227d27ed
Assets	CMP	Icon / CalendarX	49a38260c9e983f04cd1fa6509a6cc111c91738b
Assets	CMP	Icon / Calendar	51bea68b4518667eb645bec22ded212006384588
Assets	CMP	Icon / CameraOff	3d979757fb59ac0bb3bbff420e40f7303e183893
Assets	CMP	Icon / Camera	eb8695a2d91015cffb5cae47e724038f0b484c2d
Assets	CMP	Icon / CandlestickChart	077df0ff65c0775cdc385b750b7132dcc215cd87
Assets	CMP	Icon / CandyCane	9c08a90dcc6cd34c4c09d217610a6aa2e914a895
Assets	CMP	Icon / CandyOff	be65632d662d0ed237364fe54bc06fff39db9d35
Assets	CMP	Icon / Candy	f931975436d3a5c59cdc43ffb53c65eb05aff6a3
Assets	CMP	Icon / Cannabis	0deed2fe86c46993f89635836e347ad5d6938419
Assets	CMP	Icon / CaptionsOff	f7f0ee446fc2c6dcc965dea5ba288af454049f7b
Assets	CMP	Icon / Captions	af5d14013df7f80e5b289b32b56612fcc241039a
Assets	CMP	Icon / CarFront	cf47359e493c2992193a1b548dc197511fe3abc6
Assets	CMP	Icon / CarTaxiFront	f768706a8c4fe5ebfa8302ae98f8431474fe6e7c
Assets	CMP	Icon / Car	d54943d702c7d61145c72b1ac53292d69e003abd
Assets	CMP	Icon / Caravan	630beb0f100fb1cc924b34b978595f8c783365da
Assets	CMP	Icon / Carrot	41cb205f41632beb0c053fa0f08023bcc740a8e3
Assets	CMP	Icon / CaseLower	178279cacf4edeb0b28be56785fb654a6c05a41b
Assets	CMP	Icon / CaseSensitive	228559a475ffb4477b16d81716e7c7649dd8d216
Assets	CMP	Icon / CaseUpper	0921f5bdd056f1076b6477f95e3bf361681cca9a
Assets	CMP	Icon / CassetteTape	f61e8af9ae46acc52b36c1bacf55248946811bef
Assets	CMP	Icon / Cast	697dad18a7ee75b4afeec713519f3c36f650aab1
Assets	CMP	Icon / Castle	c13c65006df56afc5583b0bfd672703d2fcae486
Assets	CMP	Icon / Cat	f1d090c3b2dbe05fedbf72ce1e86de62eebcc97c
Assets	CMP	Icon / Cctv	751b03a513b484bb43c9a031e77c67f1b9eff011
Assets	CMP	Icon / CheckCheck	dfb17d70bb172a094cbbb5460dafcd37e486ab76
Assets	CMP	Icon / Check	c370aeddf0a793727dfb3a596ec71e94e653be02
Assets	CMP	Icon / ChefHat	f67e8141f673cbfb2da6b8b63b7c2a6fbb007c21
Assets	CMP	Icon / Cherry	47390987c8990943c12fd952fa79d08dc64683e7
Assets	CMP	Icon / ChevronDown	d86ee0aebcfaec4e58c32e5e0ddb954c7594d95c
Assets	CMP	Icon / ChevronFirst	2c1630fe466a06b19550581bf544edf8bf52b822
Assets	CMP	Icon / ChevronLast	4e193f206023ed718cf6d8fd32f93d4b4dd06987
Assets	CMP	Icon / ChevronLeft	69f45821d4e600f162be7c75e555487fe8d6cbd0
Assets	CMP	Icon / ChevronRight	64a80531b511987eac4ede9104ca2686c6e7c390
Assets	CMP	Icon / ChevronUp	1aa231e7eeadb52c7a2dedce0389223beaee1626
Assets	CMP	Icon / ChevronsDownUp	e2cdb7bd3f875e999c0d7214c8d7b8dbe4e4c8ef
Assets	CMP	Icon / ChevronsDown	fc1a078e419df80f5ba0edb08dc2ce8cbf4ab0ae
Assets	CMP	Icon / ChevronsLeftRight	f8649c66d490f8cdbff0a4eb948bbc78549205bc
Assets	CMP	Icon / ChevronsLeft	4661200a7586283981b926296c7117a790aa325b
Assets	CMP	Icon / ChevronsRightLeft	039c33decb60d7213db703cb3443eb15338a7e08
Assets	CMP	Icon / ChevronsRight	17413cd89d95f68d253f1167483ef65a3dfed162
Assets	CMP	Icon / ChevronsUpDown	dc9823f1458da7c185ed3ebd16368347a252fbcb
Assets	CMP	Icon / ChevronsUp	18dfe1ffbada1225dc22fbabad4ff0541b3f104c
Assets	CMP	Icon / Chrome	ab41491abc4739f71fe809beb93056cb5fea2421
Assets	CMP	Icon / Church	dd103c39d01638e7f95299063acce6415fe309ae
Assets	CMP	Icon / CigaretteOff	9aeaaf840442e03715c7b421baac1492b73011f5
Assets	CMP	Icon / Cigarette	447640150452c971ec023a9a2cc1160e4129f916
Assets	CMP	Icon / CircleAlert	886703a5d92440bea543765c24e43e7c8b423bb3
Assets	CMP	Icon / CircleArrowDown	c1020d5b0aae3f1e58fa931ec69adf3490ee015c
Assets	CMP	Icon / CircleArrowLeft	1e0a2e57502daf1f02d3f4e425f30cde59fbb6f6
Assets	CMP	Icon / CircleArrowOutDownLeft	0eefd04d58ad059281c65e1be30e4ba59eba6b49
Assets	CMP	Icon / CircleArrowOutDownRight	9ca3d4e73f003622cd8386dcb5fc8da657e139b2
Assets	CMP	Icon / CircleArrowOutUpLeft	5317c64b68b5dee31fa563ae95e4e9d2a6e8389c
Assets	CMP	Icon / CircleArrowOutUpRight	4d44bb6913d8d0628dcfaf262d7d36c7941a45bd
Assets	CMP	Icon / CircleArrowRight	55a932609d8345eb43b3e3c7b854a8cca3200070
Assets	CMP	Icon / CircleArrowUp	4a52a34571c180087ea61cd99c8e4f6e91c696fc
Assets	CMP	Icon / CircleCheckBig	4629caf2f4ffaeff403fb5958722cd846a1f1d08
Assets	CMP	Icon / CircleCheck	562f2e7cad6a4604e02f118d84af55b4873503c3
Assets	CMP	Icon / CircleChevronDown	ee8ee456cf9de23c83996d6d32386c091539199d
Assets	CMP	Icon / CircleChevronLeft	aeca0d50d74d3cd7e0396a7b275ae568fe79318f
Assets	CMP	Icon / CircleChevronRight	753b6c8620fe8b2ff4b728a2eacc29efea73b9d4
Assets	CMP	Icon / CircleChevronUp	c653544beb082dddb2950419516b0de446c72f5a
Assets	CMP	Icon / CircleDashed	2dbf88311632a5709bd5aa5eca824bdc13eda7a6
Assets	CMP	Icon / CircleDivide	0512895a527aae5617d38885d8bc925149598e87
Assets	CMP	Icon / CircleDollarSign	d963da1ce445c68af711174900e4cb3ee1c6656b
Assets	CMP	Icon / CircleDotDashed	0e70832b5f7f6f531b0b0b6c4d493aeb5a61ac40
Assets	CMP	Icon / CircleDot	0347702413bb8925cfba4b6d08623cf2729eb0bb
Assets	CMP	Icon / CircleEllipsis	21008121fc059a1ab532bc595ed4d93c10aae61b
Assets	CMP	Icon / CircleEqual	ad2d1ec8e911f5bc31ab8c87eb9e75538b8831a7
Assets	CMP	Icon / CircleFadingPlus	4eea1c66d6a6acbaed21b29d56cc62ec184158a9
Assets	CMP	Icon / CircleGauge	ee1ab34a43a8ca5c8a2d67c7b793b2eff788cccd
Assets	CMP	Icon / CircleHelp	819294fd05c84f397a877cc364843be060723dad
Assets	CMP	Icon / CircleMinus	13c03e1efac8effbfcaf18fe6292759f6fba325e
Assets	CMP	Icon / CircleOff	2cbf055cbf2c49ecbd33e6b5ab4eeb5e634cf7f2
Assets	CMP	Icon / CircleParkingOff	d4c9663a56244f02c1bc5e716d3cee53b35e07d3
Assets	CMP	Icon / CircleParking	3e31eb98185a6ee685c931518922016b0dfeee78
Assets	CMP	Icon / CirclePause	7b338881c1c99b0dc26d3a411fd3ff371fe4f332
Assets	CMP	Icon / CirclePercent	22d8c5a0fa06a38dd208374719307051adb90466
Assets	CMP	Icon / CirclePlay	b989bd80052a9180084ff8d545e4589cc2eef2e3
Assets	CMP	Icon / CirclePlus	9406eef0cc9be84fbfc76a70c6f1314238ff8322
Assets	CMP	Icon / CirclePower	92d1dbdd94ea41e0f579703194b67d331dadcb04
Assets	CMP	Icon / CircleSlash2	448759d3b6242b3f6b55f85efa670746ed122ec3
Assets	CMP	Icon / CircleSlash	01f9d8f663bcb62531eddb0cf08aa75a6843de1c
Assets	CMP	Icon / CircleStop	967b53c297dffd96dd6406d546d200054bca30d4
Assets	CMP	Icon / CircleUserRound	6f5accd4bde1dbf3514544b6ad12e8f83a6711a7
Assets	CMP	Icon / CircleUser	fe553d5435ec9de2bdfee6c9742a2b0f2123d7e2
Assets	CMP	Icon / CircleX	5d32d972a44fd949b3ffc68627e1cd5f2bb7c911
Assets	CMP	Icon / Circle	e9b89408d6bf1c1975175e3c92c6cb26ce49b6b2
Assets	CMP	Icon / CircuitBoard	bc75c86e414d9c567a20d81d16415e6de74ba88a
Assets	CMP	Icon / Citrus	619cf279645a7c4417845001178861a88a784341
Assets	CMP	Icon / Clapperboard	ef5b92d4f6e870302d0c26292033e469134dc926
Assets	CMP	Icon / ClipboardCheck	37cdd42042a1a5571fd0f9e1fe46a29a2a2b56cf
Assets	CMP	Icon / ClipboardCopy	392f130e70fba5b8576cf3039f3a87c93688c354
Assets	CMP	Icon / ClipboardList	71dbd575dc5bfbb5ec00f3c6ce6d433ba416949d
Assets	CMP	Icon / ClipboardMinus	258c1a3a098148d078ebf48fb7eddb831069b275
Assets	CMP	Icon / ClipboardPaste	f56ddaacc967f3da68d180e8b166df2c2b75b903
Assets	CMP	Icon / ClipboardPenLine	7fe298996d50fd3f06a19a4e2e31e4dc7022e50d
Assets	CMP	Icon / ClipboardPen	b672a977587bc7fc75d7aad16b84fdbb5b742230
Assets	CMP	Icon / ClipboardPlus	f9123084bcd6af3f251ac41da82cad7e86dfce2e
Assets	CMP	Icon / ClipboardType	2084af5bb4b12ded0a9ddb643f34ff2b49afd618
Assets	CMP	Icon / ClipboardX	a05739e3d8a6d0b3a351256caa1e062a31e79981
Assets	CMP	Icon / Clipboard	37ce4601816ad019157b7674fb3bd711951911b1
Assets	CMP	Icon / Clock1	17a96a49339a1426fbf0fb3c4216bebf42455a61
Assets	CMP	Icon / Clock2	d18801da618f6e60005ee0367d428b2513ec45cf
Assets	CMP	Icon / Clock3	940c7a018638513829ba3d44632c4c88944cc9a1
Assets	CMP	Icon / Clock4	8804ee06a64d7459d40963515a496fa6f1b891f5
Assets	CMP	Icon / Clock5	ce32dce35e5a1b5537579d13f20584cfd09a90e1
Assets	CMP	Icon / Clock6	40a6c043e967351c1061a9844ba0cb0d916688d3
Assets	CMP	Icon / Clock7	5cc9160c59d7601104951b0b85e75147111adfa2
Assets	CMP	Icon / Clock8	e659ab3c14362c533f5521155ae5952d19ed84be
Assets	CMP	Icon / Clock9	691e576de599fb641501e83781deb3a82d62f277
Assets	CMP	Icon / Clock10	f65717342a689f171a96a23d34c39fa9f39589d0
Assets	CMP	Icon / Clock11	917d92e44a3854c231ea4255db78118a4586145b
Assets	CMP	Icon / Clock12	25cc56e1a233a6b9c55e49b2ce7094e3919f5d03
Assets	CMP	Icon / Clock	145cc7fef7ce2bdb70276ead17ef28f352e4c9ce
Assets	CMP	Icon / CloudCog	8e14aa41e5166da674e95f1d0918ab6052410c3d
Assets	CMP	Icon / CloudDownload	e90191b4a22f9e6a03c70e833180080b1f374337
Assets	CMP	Icon / CloudDrizzle	f5e63c9cdc1f9411481275b52c19e24cedfab5d5
Assets	CMP	Icon / CloudFog	735f86fa4ac2e4616103268b45a90c892de8c3a0
Assets	CMP	Icon / CloudHail	b0856a6587a226a27f7cddda1d7e6f886f8044b6
Assets	CMP	Icon / CloudLightning	ed75bdcc53b1d0f89dd066293706c88f147dc7d2
Assets	CMP	Icon / CloudMoonRain	cd0315f6e049efedefe02c6a78a6c29dcf8a4c11
Assets	CMP	Icon / CloudMoon	b77183a20d164fed4943ab54fa7a4ef3fd473a31
Assets	CMP	Icon / CloudOff	01c824a53dce26f407e57ecd1966f930a13e7642
Assets	CMP	Icon / CloudRainWind	99351b8d6d0905bf734baf7afdca034c1aea0357
Assets	CMP	Icon / CloudRain	b1d344ffd6e7b486f23aaf9a573d0d9f287a2068
Assets	CMP	Icon / CloudSnow	5a8e6daf356d2d2c84ec9a69ce01a478e797eca3
Assets	CMP	Icon / CloudSunRain	c9486872fcf9720f1d9a5cb5d1eb7fe77c0f3ace
Assets	CMP	Icon / CloudSun	9310d75e90d1823e074b5a902361f9e908fae101
Assets	CMP	Icon / CloudUpload	842c1e302960d6e5c99c6500c76f7d9072c3d5a0
Assets	CMP	Icon / Cloud	cd03b382afe21810ccd495151765c66f6762c871
Assets	CMP	Icon / Cloudy	4afe7180f4c671b56dcae0f6e436a939063560af
Assets	CMP	Icon / Clover	53fb36e81bc58b7e83bdcdaa8af72c49f3cd98b1
Assets	CMP	Icon / Club	00a893bce243564fa0f5f6981be79fd993a6ac0f
Assets	CMP	Icon / CodeXml	576ceeed7855eda36bfa107445e7f134a32120a4
Assets	CMP	Icon / Code	eb3180dc8b52fc48b51b4d47978fae94a64b4768
Assets	CMP	Icon / Codepen	a6681adfe19a32b0aa70c1aedd55f16cfc0a0243
Assets	CMP	Icon / Codesandbox	a15f6d4b8212feddacd1e2f91cb5ba994ff827a5
Assets	CMP	Icon / Coffee	08a2da19ccc9309dcc2935a6ae58f47aee7873ed
Assets	CMP	Icon / Cog	c7f8820735fc22733d7ff9187f97e48e80712fc1
Assets	CMP	Icon / Coins	1e941ff0f99cd970054aa8c573495ac03c206bab
Assets	CMP	Icon / Columns2	2325da72e3260258a5cbabeb3f7fbeba2ef7097d
Assets	CMP	Icon / Columns3	89539adf04a593cbb4246c29e7199ea74e048246
Assets	CMP	Icon / Columns4	f3eb9d94aaa030d2ea2cf883339647fa3eca3b22
Assets	CMP	Icon / Combine	363ddf87de78a0cf82fb40a3110c2d54e1bc7ea3
Assets	CMP	Icon / Command	b9b4b8ce27ab6256741325f2618a9ecf7568a63f
Assets	CMP	Icon / Compass	38e763931804978d737ea2e416a59d9d870f821e
Assets	CMP	Icon / Component	54d2b82c11bbe71ea67c1f886bd1a1254574a011
Assets	CMP	Icon / Computer	a8cdd9e24485f7e7b6d0d6428b19dff8637b305e
Assets	CMP	Icon / ConciergeBell	0587a2e4228274d6ceb5c5fa9f58ee7dee48f693
Assets	CMP	Icon / Cone	9bf468135d8d4b4da35bad78c7ef2fa29778020a
Assets	CMP	Icon / Construction	7e3d1986eca31895d4aac4af51f85bb8dae44b6c
Assets	CMP	Icon / ContactRound	adca1306c8b74246f9231f5a0ea9ffe1b1e49a7e
Assets	CMP	Icon / Contact	49d5d81de5eda919185686b1290179b4247ba3ad
Assets	CMP	Icon / Container	445c44e38743f63a50f36d08ad5576d4258334a9
Assets	CMP	Icon / Contrast	10ac3d2f67afa39ca8c00b09e45295b844abd4be
Assets	CMP	Icon / Cookie	2772d3dadef61f234de112fe94c40cbbb1058daf
Assets	CMP	Icon / CookingPot	5246e67ffbcdb9105270b14d91be4a100c15dc33
Assets	CMP	Icon / CopyCheck	e2bb64290f93159db6214875a46b19a881c8ba9b
Assets	CMP	Icon / CopyMinus	e693d13c574c3e066becc0c273a5431ca6f179b9
Assets	CMP	Icon / CopyPlus	2599d923ae34a192c8c703f17255db61147d77c7
Assets	CMP	Icon / CopySlash	b3aa447e7c8d9b44927288440b759b449a923ac6
Assets	CMP	Icon / CopyX	89a0d2be1b4c586ab71eff3164cf054d893a41c0
Assets	CMP	Icon / Copy	3e96f898899913bddfb6f6eb11eff664d0fc8549
Assets	CMP	Icon / Copyleft	83bcc424a95d7e30e088cd662cb1e5a6449669d9
Assets	CMP	Icon / Copyright	c39ad8cc78b8f18e5a33599160b16d3f70e1eacf
Assets	CMP	Icon / CornerDownLeft	84b0d4dcc4b484c86a4a936aa73a80ed9c245627
Assets	CMP	Icon / CornerDownRight	6b3ad17f588000bdc3dd8603472166290165585d
Assets	CMP	Icon / CornerLeftDown	25f2cd85e3cd14409d2787af7e3253742ac02421
Assets	CMP	Icon / CornerLeftUp	333d2d88123b7497854b2033f28ecabf64f13b32
Assets	CMP	Icon / CornerRightDown	17ad79974f0804d5adb6b86fadaddeaf88181d21
Assets	CMP	Icon / CornerRightUp	282e0ab8d4951b8d90458ab9f122fb376a751ecf
Assets	CMP	Icon / CornerUpLeft	9f1761a8bee02131423a2a2e4d7a4fcf30517cbe
Assets	CMP	Icon / CornerUpRight	08fa613a640551e97a7ff901cee08813c82f0789
Assets	CMP	Icon / Cpu	92d8ca1ee742fbb4f87f55cf7e3eaf0ba5f0d180
Assets	CMP	Icon / CreativeCommons	bf2dc6819b38ad2971c018900f88a9a78e614347
Assets	CMP	Icon / CreditCard	1fcc0ed94d66e1c731a802d21d5ba4b39c9989c3
Assets	CMP	Icon / Croissant	daed36e84021a0e3116449babbce20f21856934d
Assets	CMP	Icon / Crop	63d32751df2b629671ab9b90fdf7d21d609797b0
Assets	CMP	Icon / Cross	ab129a42b297e0a1bc537bd5c3290efc843c4c6f
Assets	CMP	Icon / Crosshair	25ae8f55b9129cc57854e1039fc45990d89b92a9
Assets	CMP	Icon / Crown	4dd9a9320072d80868aed5a85ce97e3b0524a85c
Assets	CMP	Icon / Cuboid	2fb13d571bf0c0d1a2c8449d6fc2cd7192462a2b
Assets	CMP	Icon / CupSoda	9dddea1a03b526de8321e70733ce4c6f591ca018
Assets	CMP	Icon / Currency	c93a73a5eef828230a218838dca0215c1d139548
Assets	CMP	Icon / Cylinder	77482ee1eba22a95297dfb912f1a24bcf071ef04
Assets	CMP	Icon / DatabaseBackup	fb3e620b65348f3d9ba8366d5c1bf1f0e5d827c3
Assets	CMP	Icon / DatabaseZap	d2d9fd31fe80352aaa3bcc204abff03e8c808fde
Assets	CMP	Icon / Database	0b3867a0b8b5012aa10f5f40a3192e4728cc98e9
Assets	CMP	Icon / Delete	181596663655c2b2c07f2dcf32f6f48df1fe4c3f
Assets	CMP	Icon / Dessert	62ee59f21e9004d343441fff2413b81c1c3b7a13
Assets	CMP	Icon / Diameter	94242282f31d9107a05da3bea9c2f83366ac5216
Assets	CMP	Icon / DiamondMinus	02ef63f57812ed65f0c1334332606767ed90e08d
Assets	CMP	Icon / DiamondPercent	8ae9ff422cbeba735bb3eacd3f2650d1a9fadc89
Assets	CMP	Icon / DiamondPlus	de84719329fdb2c2b820854f83bc5673ece71602
Assets	CMP	Icon / Diamond	2163bb9a72239ced6914e93874e11ebe002405c3
Assets	CMP	Icon / Dice1	41cfc1f721fd16230c5eb569319ffb78bc136ab1
Assets	CMP	Icon / Dice2	cc44fd80c37d7e707876045bd48aada7f379faa8
Assets	CMP	Icon / Dice3	2b3c459c2bdd60aa800057deb1f448d757426a52
Assets	CMP	Icon / Dice4	ce0e276814007a1c9b3033a895f9669d588ce47a
Assets	CMP	Icon / Dice5	b78e481e94f9428c04886dd251017a8d6622ac59
Assets	CMP	Icon / Dice6	9cbcaff6df30a349466a2531636a7d07a85891e6
Assets	CMP	Icon / Dices	8b91e2b1b0183afb41a9b77b3679d2f1d39adfb5
Assets	CMP	Icon / Diff	4279f74510ae02b5bac4a7086d0133b7fd81961c
Assets	CMP	Icon / Disc2	ce80998cc02a4578ab4ddd2ce809245d23d4780c
Assets	CMP	Icon / Disc3	5ad5a2d833ff7c6306adb5b5dcf8b2a5586bb2b9
Assets	CMP	Icon / DiscAlbum	78d5483f35977de07890ea78842e2a3c6016d3fb
Assets	CMP	Icon / Disc	a4f1efad02fd07fbfeb35cffc10a1769161e98da
Assets	CMP	Icon / Divide	49a7f8b7617508f584e6e3ef67e815c839ab2645
Assets	CMP	Icon / DnaOff	5b34cdfb9984ff6d2535f8e775be84167f5c52c7
Assets	CMP	Icon / Dna	af250a408c66db1b77de942d81d5a7695daa680a
Assets	CMP	Icon / Dock	e713afdae955287f027830db40df10b8fe0d6260
Assets	CMP	Icon / Dog	36e42df5fe61eefe6fb7305aec9b5188f406aebd
Assets	CMP	Icon / DollarSign	67ada9f690f83a8d5fec74d2916dfe5aa8841976
Assets	CMP	Icon / Donut	7d0a62b7a53ed6fdde1be705875e8d011a59365b
Assets	CMP	Icon / DoorClosed	790a112db12b7c59c758132ba460702cadee67d2
Assets	CMP	Icon / DoorOpen	c6fe94e1f8d8fa6d68982e920f1837d4cbf00971
Assets	CMP	Icon / Dot	eaaa4c9432b62ec1730ea5fb8b5595df8dbb4234
Assets	CMP	Icon / Download	0124538bf81c73d160b475126de0cd1d4e9948a5
Assets	CMP	Icon / DraftingCompass	885219a4bfe7d50106a1cf6003feba821f9230ff
Assets	CMP	Icon / Drama	088806c4e43ee311fb4f7fde21ba4f46f9c7b64c
Assets	CMP	Icon / Dribbble	5bf14b18bc3786bea520315712f82d5bfea2a289
Assets	CMP	Icon / Drill	00115c6e880f0c4b11df15bd694a5284282f47af
Assets	CMP	Icon / Droplet	a0f56d74c21bf7a7d00b3634dcd7e59c6ad1ba8b
Assets	CMP	Icon / Droplets	8749d1356a1080d402a8186605c17d8cee3b7d4d
Assets	CMP	Icon / Drum	46d4fa1a954abfefbecf32a0f3ccff442aaf757c
Assets	CMP	Icon / Drumstick	1d7985976323a7333fe4988fc96ffc1495512661
Assets	CMP	Icon / Dumbbell	4c78ff2d4c192f8987c062ef8e46043d3abb12e3
Assets	CMP	Icon / EarOff	4769ab757cac88130596aad757aec646ebe3f6be
Assets	CMP	Icon / Ear	8f196d3bac82dbe6f963424a98a1ad346ce45b4e
Assets	CMP	Icon / EarthLock	a379fdf251805a0c0199112d4b9a50299c42a5cd
Assets	CMP	Icon / Earth	848793f505c1458fc97660e28ca5309dfa14ca4c
Assets	CMP	Icon / Eclipse	516e7aa2367e460a9f213da0bc1d1294b41f39fe
Assets	CMP	Icon / EggFried	8eea5874cf88eaf10f1a56048f3ebf757169190b
Assets	CMP	Icon / EggOff	9691d6d068c0e0cf60b4fce4b6859573eab5ce7f
Assets	CMP	Icon / Egg	b717c87463d8161a1b2b6a63751bc63b4aa05ef2
Assets	CMP	Icon / EllipsisVertical	7a6d8b834c41ffec205ff345913c8a30ae54e5c5
Assets	CMP	Icon / Ellipsis	969a7c8b6e965e2d407534d379f5861121cebdbf
Assets	CMP	Icon / EqualNot	73cb6509290e39f63302e40a58e21c995a52fcb2
Assets	CMP	Icon / Equal	5f484246b156ec212f57cbb3056a3289e107c651
Assets	CMP	Icon / Eraser	7c7fa9d57d88dd554b8599171222fc9dcce8e869
Assets	CMP	Icon / Euro	d3c174c4423e2ead4f5090af91f5950c1f0b56d7
Assets	CMP	Icon / Expand	ea5817ddd60b7e64b4f1388201fc15f4b214fd4b
Assets	CMP	Icon / ExternalLink	f8406816b1ffc1240c1ba216d0510833607981d6
Assets	CMP	Icon / EyeOff	7954fb1a2f3e62b11b769b896c7c5f5089025b26
Assets	CMP	Icon / Eye	3a9cb7187cc7be16b68c950897f7c66c3fef94f7
Assets	CMP	Icon / Facebook	7eabf4f17e41a17de8e582cbf1beb275513b779e
Assets	CMP	Icon / Factory	bd473be4a3c7adfb87a529146dabd4466ed53f45
Assets	CMP	Icon / Fan	8991c539d54e1a3f8478e2828ec0be5edf2e90fb
Assets	CMP	Icon / FastForward	00e3ed1895b7a9ca1cb9aeb11d3c8e6145f875f5
Assets	CMP	Icon / Feather	9ee29171ae80bb1038a0d66e8661bf5e8569c9c5
Assets	CMP	Icon / Fence	57bd0835ce729d07f5ed96e0fe22b26817cb25db
Assets	CMP	Icon / FerrisWheel	843635db82162c0477362475b8a94e4d40634bdc
Assets	CMP	Icon / Figma	d65eea02cd30e1fe02ca57f4d2cfbc03825774d7
Assets	CMP	Icon / FileArchive	0dcf7b970ad15915d900a092b78fe28151fca77d
Assets	CMP	Icon / FileAudio2	a3c2c9f36e8d1946666293bde36fd39a417f6bf1
Assets	CMP	Icon / FileAudio	5191b092be91bca159a078c27c3815d2f4ee4fd7
Assets	CMP	Icon / FileAxis3d	3c7c0010e31f9f2d7e78363e16d4c190ee5e71a3
Assets	CMP	Icon / FileBadge2	0f2f974b3bf947d2ee910a43e75e21494d10f01c
Assets	CMP	Icon / FileBadge	d6ef7d44c77134ff3d6577238a60320f9e03e53a
Assets	CMP	Icon / FileBarChart2	55bf33333208837778e1247dd694bb439f207bef
Assets	CMP	Icon / FileBarChart	8a0c5342017a6dac8dbf51e50a94dcce0fc8e22a
Assets	CMP	Icon / FileBox	c0ed50fd83c0527f291c2c824a64d7713260db04
Assets	CMP	Icon / FileCheck2	e2f7de302c9a8e7e8d658940ad0e6358ba5557f7
Assets	CMP	Icon / FileCheck	0b7b8ef11eb2070640aacc8b49701aca2399eddf
Assets	CMP	Icon / FileClock	0e08d9b773fbce8702a58e6d95c5a9395bb9664a
Assets	CMP	Icon / FileCode2	eaa9a5e8c6359722d39c24b65959cf6a98f18f69
Assets	CMP	Icon / FileCode	22894ea065b32e0ca701b538d0577f500526e1f2
Assets	CMP	Icon / FileCog	e37f14dbd1bf085bcd9fc51a1da67a78c65fe2f9
Assets	CMP	Icon / FileDiff	087f8d4b4e05e6da54c6c6ca46c4c53672b77567
Assets	CMP	Icon / FileDigit	0ac8871cdb4b5c3b9268b5dd04c846fbdaf6ec18
Assets	CMP	Icon / FileDown	123950f09bd36142bc856b798becdfeca093c540
Assets	CMP	Icon / FileHeart	b0432ba689c5af64a3ed0e2929ea68f7b0e689d7
Assets	CMP	Icon / FileImage	954c599e89fd48a42dbe117ec61f6559d0ae65da
Assets	CMP	Icon / FileInput	18243a7de14617428f1b990bbd130cad51154835
Assets	CMP	Icon / FileJson2	698e4702b2d280872562e11d8a74699ad8c4695b
Assets	CMP	Icon / FileJson	afd962c8390976eb95fd4c41fdfdcff4cbb1cc23
Assets	CMP	Icon / FileKey2	c301fd34bbbf7b631bc9155d47fd31b1ac27d5bc
Assets	CMP	Icon / FileKey	7cb4baa4de3e79322bf434c4dd64884f5e20d0a1
Assets	CMP	Icon / FileLineChart	cf6a9278fe1fc4ac14a43a5cdcf89062b7eb93ed
Assets	CMP	Icon / FileLock2	8b104731758058bf636c0f2bb8ba8ce284643fa4
Assets	CMP	Icon / FileLock	9e95963b0394279c13d57426e4ebba0c17b7fe26
Assets	CMP	Icon / FileMinus2	337ee944aba95aaa84db5a2d10cf3dd1b4da0b28
Assets	CMP	Icon / FileMinus	210117cc2570f4dc34f0fda31ed5f33220f6052b
Assets	CMP	Icon / FileMusic	2fd4cd530074a3ed282594cec2b407b64dcdb7f1
Assets	CMP	Icon / FileOutput	99e02c0ed116a54ebb89d02e3ea757b98e88f917
Assets	CMP	Icon / FilePenLine	723d105c641195bd5e87139eb467c16101402412
Assets	CMP	Icon / FilePen	0b4eb262ae8cf11631cd2fe738b9294b273c7129
Assets	CMP	Icon / FilePieChart	4bf261f0599bc04dc46a62463f8c994e55e1ff85
Assets	CMP	Icon / FilePlus2	5fc423d47e782a7be39553c3859e28e81f1e38b4
Assets	CMP	Icon / FilePlus	f69129af09b10c7ed32ac4741b0d8d74a24d3e64
Assets	CMP	Icon / FileQuestion	eb5f1d38b24361caf8d0c8424c0b3353b4475a59
Assets	CMP	Icon / FileScan	8385d581a42e4c7beda1f626441f0d8a554450f8
Assets	CMP	Icon / FileSearch2	d81f98e40fd7ef3fdffb97fee26822d9a5339a74
Assets	CMP	Icon / FileSearch	dd5fe63a74ee998e06a8b84c1310b6182db776a1
Assets	CMP	Icon / FileSliders	944e11e7d413c2947f5ff59ba0e922e1cb7e3e3d
Assets	CMP	Icon / FileSpreadsheet	12b60ab040e20b010bdb75e765c08db03abccba7
Assets	CMP	Icon / FileStack	d5e6b365c549ca7df6cae82f2861790642a22f23
Assets	CMP	Icon / FileSymlink	b7a084a0e11d2e34d1ce9797612fa340cc1cfe6d
Assets	CMP	Icon / FileTerminal	b830ea010184685bd37508715a779894e745cc21
Assets	CMP	Icon / FileText	b9ba3b7b2f5de093d067cce6a216d7e6df911122
Assets	CMP	Icon / FileType2	8f386e1ed0a0e27ae27b75830e6d547ebb4d65c8
Assets	CMP	Icon / FileType	3bd1ef3d4b04bfb8100105fa1eba5eda2e852af2
Assets	CMP	Icon / FileUp	9c689b68f93724c1c7b7246b62194cb7cc69aea4
Assets	CMP	Icon / FileVideo2	9d8624acf070713caf4e5d073b1e0930414d6a50
Assets	CMP	Icon / FileVideo	0d60753d6d453dfaaeaf6de9532cfa5de54829ea
Assets	CMP	Icon / FileVolume2	8f8a5786795852f71d7581dcf35dac2d410a18bb
Assets	CMP	Icon / FileVolume	689d4f56c159f06e625e3c64f875c040b957bbf8
Assets	CMP	Icon / FileWarning	61a0013d40b3f3976212fbacf8559dc680ec05e9
Assets	CMP	Icon / FileX2	20f096443f2891dcdebcfd15e50b75b7a50d135b
Assets	CMP	Icon / FileX	4020371bca0884fe87220a90ae6b4c3801b26743
Assets	CMP	Icon / File	4976abb2a89ca4441068a8724667a6852f2d99e2
Assets	CMP	Icon / Files	0ce3a80d17472f28113d1ad0383d842e0ed024f9
Assets	CMP	Icon / Film	d326be1c4c25745777312335f844bc6fc4f8a1af
Assets	CMP	Icon / FilterX	0e1a83ce65cb038572a54cee4afbbe42bdad9a48
Assets	CMP	Icon / Filter	0ac59149c90120aea645a83efeee8f47d1f2d7c6
Assets	CMP	Icon / Fingerprint	8d9b6f67759602878620777c2b182d5eb52d4ed5
Assets	CMP	Icon / FireExtinguisher	c3c4fa24ca90b7d4a3a2c332610ecb3467ece1fe
Assets	CMP	Icon / FishOff	ff9ac2032a2e33275b34b3995dd7b364930ef0bf
Assets	CMP	Icon / FishSymbol	b02e937671894fce586fbcab68f27c954fa1e4d4
Assets	CMP	Icon / Fish	0f53798e1ab02728cbd51d807032de972ff4e9c4
Assets	CMP	Icon / FlagOff	0ecebda17fd90388ee919f12cde5149e59172371
Assets	CMP	Icon / FlagTriangleLeft	836db86626837e79c7ab7eb59fbe48bb2bc033f5
Assets	CMP	Icon / FlagTriangleRight	a66b7e9c0e1e7d2adc1600671530b0955d95ed6f
Assets	CMP	Icon / Flag	f04ec2651bbf4bf54d39d7f3c32da5a14e091e36
Assets	CMP	Icon / FlameKindling	e68ef67e70282de72c368babe1e8d7059730bb7b
Assets	CMP	Icon / Flame	cb37e72f1f2a894bdc5baf3eb8d6833837156dc0
Assets	CMP	Icon / FlashlightOff	70401d8593da6f6a5bcf0f1d0bf45862f4997999
Assets	CMP	Icon / Flashlight	1e9c394248fc7eb74d958f411ad4763ce7dccc19
Assets	CMP	Icon / FlaskConicalOff	a2ec8226a5d89687a24185016628fce40441ffd2
Assets	CMP	Icon / FlaskConical	d6759b9bcbac89c50a491da36ad649413520eac8
Assets	CMP	Icon / FlaskRound	a329a3c856808063ee6a87810acf95d3006c77bd
Assets	CMP	Icon / FlipHorizontal2	6509d2cf935006b803bbc75c84ca62d556b1a917
Assets	CMP	Icon / FlipHorizontal	061bdfc364e6dc7bcced5df3297cbe61f66b5c4d
Assets	CMP	Icon / FlipVertical2	2530cc3a1da01d7d0c745d47ead6c7f700a70d47
Assets	CMP	Icon / FlipVertical	fce3880d9d3436aa110e4822ee02aad7fac13fc4
Assets	CMP	Icon / Flower2	a2cfc9fd510b1c4f6d004f13ddc543e51bd50ab3
Assets	CMP	Icon / Flower	c7ae1101cb4f2b9490f8e920de28117c81123e43
Assets	CMP	Icon / Focus	09ea70bb82485f2373263a86eb194ae76a672808
Assets	CMP	Icon / FoldHorizontal	ff349b57fda7f59dddb8e2054b63db57837de922
Assets	CMP	Icon / FoldVertical	6625273ef36d1d818adc23f3b53b3fe8cf3f7c70
Assets	CMP	Icon / FolderArchive	fc6e370bf9a05a33533508cab24bdd655fdab9ee
Assets	CMP	Icon / FolderCheck	91a4a9932ba47745b9645869d24d3dc8ffc2f02f
Assets	CMP	Icon / FolderClock	2dcd6d88432bcded217bff0f993a34998bd390bb
Assets	CMP	Icon / FolderClosed	39d3682f021ba9abcc0451c8e801234649a01eb1
Assets	CMP	Icon / FolderCog	def1893c8bca31f7a0da980dab30fba71ce7fc18
Assets	CMP	Icon / FolderDot	386d154f39505598d84ee0c522a20fea54f7dec5
Assets	CMP	Icon / FolderDown	29ab0ff9ea1f8bb2639dd2c87ca16286a6676cc7
Assets	CMP	Icon / FolderGit2	16e68e74d22931ab38a6de55762ee285636cde54
Assets	CMP	Icon / FolderGit	f48d24758649842e9ab48163c060edef2167bd7b
Assets	CMP	Icon / FolderHeart	19bcbd2baabb95b296fa84eb47aec21d21f329b9
Assets	CMP	Icon / FolderInput	7c2757a184150a6b1c6babb5659e8384f23aa19f
Assets	CMP	Icon / FolderKanban	7dc77416c5929b2e5af4927218771417309e2d98
Assets	CMP	Icon / FolderKey	fba256d29cbd0c536ebf0e2e81b9a3e6b29e216a
Assets	CMP	Icon / FolderLock	bf5d864fab01de8c45b0a88978ae07e63ff9438f
Assets	CMP	Icon / FolderMinus	410eefd58848601fc0d5762df430456956f4018d
Assets	CMP	Icon / FolderOpenDot	f57fa72f529a750dc4c02a99d8060aa191aa6838
Assets	CMP	Icon / FolderOpen	8815b012d12db87bfe22544094b810b2da14da54
Assets	CMP	Icon / FolderOutput	3d8b5d8e6e9f0d9c95f37397226fa38cb918e806
Assets	CMP	Icon / FolderPen	b208379c7bd3edc0ea2684faf16b6029029aed88
Assets	CMP	Icon / FolderPlus	24970fd8daf4d3a1881164a24bbfdbe7179fa45e
Assets	CMP	Icon / FolderRoot	75c335426659704d85df515bfd10e68840bddb5c
Assets	CMP	Icon / FolderSearch2	7e44fe7026fd44e8253a044ba2239e8fe83bd036
Assets	CMP	Icon / FolderSearch	9759c7cd989d1135f48ed813c5c12541602dc3f4
Assets	CMP	Icon / FolderSymlink	096add8bb4c72e46b18e3351c0127906cbcb0bf8
Assets	CMP	Icon / FolderSync	e536b9d6bdd0bff95fc257ae09589ac6390058fe
Assets	CMP	Icon / FolderTree	f46f6cdd040badabf40c90b73f5fc83b797f7532
Assets	CMP	Icon / FolderUp	68685b470d066547d2825e426ae396dc30f8094a
Assets	CMP	Icon / FolderX	4ef71c16a9db1ec922dc08f56d6f9c55ab53d9d1
Assets	CMP	Icon / Folder	414d76abe03e8ce51586908a484e22c53588ec4c
Assets	CMP	Icon / Folders	4c1ad21e4045fd6b6ee546ee5a88f4ab3d7b79b6
Assets	CMP	Icon / Footprints	8ca4bba879cf885cd31a11b439246ba0469ebf27
Assets	CMP	Icon / Forklift	6361dfc5c041c04a0025eca237b7c25c443c33c5
Assets	CMP	Icon / Forward	ba3ca3c3733221a7f08baa029bc98119088f3f05
Assets	CMP	Icon / Frame	d58aff5b4a45d6fc076b19118caf9314e7a8112f
Assets	CMP	Icon / Framer	bf18518eb199cbf84ea752e14e6eb173113b0863
Assets	CMP	Icon / Frown	5fa2e44d30f523a71a22d7f70e1c49ca18a216d4
Assets	CMP	Icon / Fuel	60fe38206772ec391d58d7bad8dad5ee849b0748
Assets	CMP	Icon / Fullscreen	aff0a86e7144879e659ba4bb08101c05544db3bc
Assets	CMP	Icon / GalleryHorizontalEnd	5895bfe68d0c50f4791440e5a5426a84ca78e820
Assets	CMP	Icon / GalleryHorizontal	ecff346a3aa678f5849607958048370719b39ece
Assets	CMP	Icon / GalleryThumbnails	1be4a23cd44a0ef2d7060affba9f310973cc916a
Assets	CMP	Icon / GalleryVerticalEnd	95608a7c226ecdbfe9b6de736281b987960c4c96
Assets	CMP	Icon / GalleryVertical	f82bc6a2b671c4c90ef771a9cd508742901e9b07
Assets	CMP	Icon / Gamepad2	0f04f2ff323cf2e485100899f2b80d499782e2c3
Assets	CMP	Icon / Gamepad	12a811221fd818ade8ad951e8bb81ef56cfda4f3
Assets	CMP	Icon / GanttChart	daa86779c51f3f3dd4e65bf29072af9f01999314
Assets	CMP	Icon / Gauge	c34a67920637c1ed5fb7fd129de9e440c3788293
Assets	CMP	Icon / Gavel	0c6dbbf441e4b76355fce5b6bdd0c8427ba3b107
Assets	CMP	Icon / Gem	b3418f468179113c495dff126cafdbdc3c1f4cd9
Assets	CMP	Icon / Ghost	7ade3e50df907a4be23d7d1c7617e6e5006c0bd0
Assets	CMP	Icon / Gift	8d5539e2cbfbca3e4a80faf1363784f6b7092ef2
Assets	CMP	Icon / GitBranchPlus	7fa90cd784c0e821ece93251b6a5fe91b5743e48
Assets	CMP	Icon / GitBranch	8bb6fd8e680e634cc0f113c808e3b57052892fe3
Assets	CMP	Icon / GitCommitHorizontal	37b92c5d4cccfead227c987c2fe319d43827ea23
Assets	CMP	Icon / GitCommitVertical	23230b0fd8e1578aff2f6763db75a3d431034bd7
Assets	CMP	Icon / GitCompareArrows	2390528d109cc8b73f9cd93d284633a8a73ccd4a
Assets	CMP	Icon / GitCompare	e969f893a63dee817522538d15ecff77650545fd
Assets	CMP	Icon / GitFork	d3caff033c34915d3f90f5be1cee0394463f505d
Assets	CMP	Icon / GitGraph	c1a367380ebc089f99a7bc2c2a1bdc075cb133a4
Assets	CMP	Icon / GitMerge	8ffd01e10c4f59dc4e6663083c30d4c9f89eae6c
Assets	CMP	Icon / GitPullRequestArrow	68be0e32844b775e99d68aea8c35d4b131312026
Assets	CMP	Icon / GitPullRequestClosed	09f8ac8cca382e4ce8bd70563492e7c2ec884840
Assets	CMP	Icon / GitPullRequestCreateArrow	98fa353da591bb656c451da68be7538e054c310e
Assets	CMP	Icon / GitPullRequestCreate	6ee2dafb3c07449a2b6de0e0fafd521530fb8edc
Assets	CMP	Icon / GitPullRequestDraft	f3a2bc0e7d879e320d204fa3fe218aa242cb74c9
Assets	CMP	Icon / GitPullRequest	414ccc21b4faa74fb6f3144ec7edf5b227c8cf72
Assets	CMP	Icon / Github	56134f47c5b4ce508ebce24c186ad7a7f9873aae
Assets	CMP	Icon / Gitlab	e61730f5f3b295aedc22a79b32d8341d9a60464a
Assets	CMP	Icon / GlassWater	e066a4252be782f69367aa9c764deb1c61387c60
Assets	CMP	Icon / Glasses	fdac89a6bc8391cc223cbd4d580a2e4a617a852f
Assets	CMP	Icon / GlobeLock	45ff7cc284ac44398838fd2020fa4a03f95d0cb7
Assets	CMP	Icon / Globe	876aede0d3b60f0d46c40a8a9ab9e1b8a1f08acd
Assets	CMP	Icon / Goal	6782e6e7246e1b65b7c416932e15eec2b99193e9
Assets	CMP	Icon / Grab	0402a53f2e82f9f213be2a584c4ccf706de97ebf
Assets	CMP	Icon / GraduationCap	fcaa42e43119583de4477ec01d30df3c8a69f9d8
Assets	CMP	Icon / Grape	409e2f75edd31bc8ef5ab66dc79261043642d7f8
Assets	CMP	Icon / Grid2x2Check	5d72cd1e356addd841f1ada6da3fe6696b0ab036
Assets	CMP	Icon / Grid2x2X	0de00d2eb89fd2a0ebcb0b55a04d157a5dc608b7
Assets	CMP	Icon / Grid2x2	eb2c6ec8b6df977799844aa45eee5aa08d1714ac
Assets	CMP	Icon / Grid3x3	88874b2ff215e72db057767f04a89aad324db420
Assets	CMP	Icon / GripHorizontal	c5022438ba2cdc2dc1fa40cde6b9d8b815dd0264
Assets	CMP	Icon / GripVertical	fd0d9a862ad8e61057ac4ec5d62c52a87a6520f6
Assets	CMP	Icon / Grip	30b2b8a357a25287e5940fc3134a05fb1d1458c3
Assets	CMP	Icon / Group	36094495f0e7b600335aade0ff24063ec942a672
Assets	CMP	Icon / Guitar	ab4cf1fe7e89a8e80970cdce958b43f3e0eb1ab5
Assets	CMP	Icon / Ham	a344f0002bc655d3776928cbf25ca2c2be1cb6ae
Assets	CMP	Icon / Hammer	9c345c44b73580c21d47b44a82f7b77133131037
Assets	CMP	Icon / HandCoins	b62b87d89602cd0ae8f5eee6bcbb49001c49d2bd
Assets	CMP	Icon / HandHeart	6217a738a6ad12c8b2d01d34544b1a1b764ebfc9
Assets	CMP	Icon / HandHelping	97dacf3dc1ffe74c8ef0f0bb165f96cf14aafa2e
Assets	CMP	Icon / HandMetal	f5b14c35b7e1d74658d89ec54828911f6fe2b905
Assets	CMP	Icon / HandPlatter	5ce42cd77e7c9cacdf079df3bcf0499d9f40fe38
Assets	CMP	Icon / Hand	cb549120065abc116eb9d697d7e5db61cc34c778
Assets	CMP	Icon / Handshake	ce5cc3e10f59bf7a09c4ca9e7b0c79b40cba45b7
Assets	CMP	Icon / HardDriveDownload	031bb9ca747672574bc06dbd4aadf7867d228fc4
Assets	CMP	Icon / HardDriveUpload	445d55d333ba9b41bddac6a527d43e8741f2d686
Assets	CMP	Icon / HardDrive	4b33cb74de72a72d87dc9d4d3b0a3f87a1fac0f1
Assets	CMP	Icon / HardHat	ccc43fd8a01d09eb4d2a99f2efe841cc97dcfcf3
Assets	CMP	Icon / Hash	3501585d149075959f2129cac3513fccb605d93a
Assets	CMP	Icon / Haze	40f45c3440a28becd4fe739aa23e566967aadf83
Assets	CMP	Icon / HdmiPort	c3c80bc936694aff400563b926d5a46ac1510a9c
Assets	CMP	Icon / Heading1	8a3a725c7f0cdf50b6634be1b0b4c7f229548a8e
Assets	CMP	Icon / Heading2	df95ba7f2617987ea1a2ead04a7959f2ec4db951
Assets	CMP	Icon / Heading3	0789208f5e8bfc818fc103603a3b198b54fd24e9
Assets	CMP	Icon / Heading4	e6dddbd58a726b4887d69ba6f444b1a1ebfd7eef
Assets	CMP	Icon / Heading5	61cada0c79f4c003347735d02c44c204affec3ab
Assets	CMP	Icon / Heading6	2244d20db36b1cd2a10833ed4f1166b3a2b1a673
Assets	CMP	Icon / Heading	b596f8ff96d6c5d165afbb6c3fba816b0e672cea
Assets	CMP	Icon / Headphones	f6d0e0a75b120d93caaebbd3986605bf33270d66
Assets	CMP	Icon / Headset	cdd97c935d85f799f02bf01dc272473175680738
Assets	CMP	Icon / HeartCrack	3b1ee87f3bb2777ea945500f504ce5e58804f425
Assets	CMP	Icon / HeartHandshake	fb59ddd44e40face1fb40e31523b2db20863f5d0
Assets	CMP	Icon / HeartOff	42745f3e9e55b6a3d8d5772fb999024cae23ee37
Assets	CMP	Icon / HeartPulse	442def4d3ecdef77e85139efb65f0cd2f2e02aba
Assets	CMP	Icon / Heart	755e7c3bde7f271272f7c225c82318b0a0dc5053
Assets	CMP	Icon / Heater	952352f02e3a7828ccc132852e5e011ac4d7dbc0
Assets	CMP	Icon / Hexagon	3342990bc028efb6049b71c40300d9cc06cc08f6
Assets	CMP	Icon / Highlighter	275274990cfed09ecfcc613a8a8e35f1b739cc13
Assets	CMP	Icon / History	d4706cf19d9230f469b6edb027045c52a6270a10
Assets	CMP	Icon / Home	3732d1d5af57c913c1ce8dc696c2f84e62714e5c
Assets	CMP	Icon / HopOff	0894964fb82f5dd0f0123fc2fb77ec10d6b7e015
Assets	CMP	Icon / Hop	c9ae20c618f28e41d97d11573f710cbc780de506
Assets	CMP	Icon / Hospital	d8c5494da3be94c8a27f59e0f4db52e5d9c75225
Assets	CMP	Icon / Hotel	c0487ed32ed4c7f128cf435667e27b358bc0d57e
Assets	CMP	Icon / Hourglass	b9aa79ba4444af4304eee408f69f21fa5bcc7628
Assets	CMP	Icon / IceCreamBowl	0e7a7a195645a66b8c4a850cc4f1d96e2b383c4b
Assets	CMP	Icon / IceCreamCone	0a8e912c1fd33a287befde3d722b7a8742f3341b
Assets	CMP	Icon / ImageDown	5e772157ec45ef946153728b821ca78f781f213f
Assets	CMP	Icon / ImageMinus	a8910c84dd772996b245a6da094450dbebf8a594
Assets	CMP	Icon / ImageOff	ac6b180f62a577b737ee8663fce774721e09f306
Assets	CMP	Icon / ImagePlay	e577bf6e6bd2ff77884c307f3cb88eb441481512
Assets	CMP	Icon / ImagePlus	889091273736453bce6ad5ef3d27ad723c4d94f8
Assets	CMP	Icon / ImageUp	80975c4b6f502dc6f5729aed62d5449b4513503a
Assets	CMP	Icon / Image	8a0b2ea7a62b1a5d66d80182e35299634f6f64ed
Assets	CMP	Icon / Images	5c9a1c0e0c063468793e07f4af985cc8047fbabb
Assets	CMP	Icon / Import	c024c822a16f543b31609ab09ad2e0b60e2977f6
Assets	CMP	Icon / Inbox	d510ea791bfad0f6fd20282dace5da2c3dad3c29
Assets	CMP	Icon / IndentDecrease	90f47e6a3790bdf5c79cfbaf7fd77b087df31ff3
Assets	CMP	Icon / IndentIncrease	c33cacecd2b93f4624c4fb2bc98023a13c3c515b
Assets	CMP	Icon / IndianRupee	9716245669adcfa60b9c5ca4b8ef99058352c411
Assets	CMP	Icon / Infinity	e62694d03262857b100e240f9e357690211fd2bc
Assets	CMP	Icon / Info	b8b9547cc74106fd9e4f53260b34cc97d9f87d43
Assets	CMP	Icon / InspectionPanel	dbcc95f0edc908141c6c4ba6ac937e0f1182eb24
Assets	CMP	Icon / Instagram	58fd9fbe25815aa9782838f20a254beb028b99c0
Assets	CMP	Icon / Italic	026ad2110b1df5cbc09603c6605087051e255c9e
Assets	CMP	Icon / IterationCcw	94988caf0e66ee1ee43b09c084b251e5bace8a93
Assets	CMP	Icon / IterationCw	28af7d2e06ae6222072ae272ac018384b0094a47
Assets	CMP	Icon / JapaneseYen	2aceedd9ef92fbfd02cccfc375c062a1f8e4af44
Assets	CMP	Icon / Joystick	41610256ab96491da2045c34925197c730d13047
Assets	CMP	Icon / Kanban	3a4199986104acd4be62c7c9a55f8f62aa996c93
Assets	CMP	Icon / KeyRound	5d19e95055bf7c1e43c086fc29e441e610c3847e
Assets	CMP	Icon / KeySquare	24a43a65096ad22d8fc5ef3b37c26f835fbe62c5
Assets	CMP	Icon / Key	8e2888138123dc2a1f36ea5d0aca769c908b7cd6
Assets	CMP	Icon / KeyboardMusic	081ecedc8dddeb0607854f4c8a4443aceddd60c6
Assets	CMP	Icon / KeyboardOff	07a5742e715e2798a3e08f149219026e32e4a828
Assets	CMP	Icon / Keyboard	b7ae6870a340da847988c75c14e69c3a0cb98117
Assets	CMP	Icon / LampCeiling	7fd7482499328baaabae58cef7a6e6001c8afcf8
Assets	CMP	Icon / LampDesk	ea0f71d9a33462bd03bda322c9408a062c204094
Assets	CMP	Icon / LampFloor	613be18fc1c4c0385711bb210c01a276e21e3da6
Assets	CMP	Icon / LampWallDown	59806209c8d09cf8763d7b522cfa2754c5df2c66
Assets	CMP	Icon / LampWallUp	402935904ffbabbe718a3d1b648b9199d4495fd7
Assets	CMP	Icon / Lamp	17670d42a4927ef508fec5dbe61e762538051fa6
Assets	CMP	Icon / LandPlot	05fad54a62cc54c02b2d1f45d0051fe1168196c4
Assets	CMP	Icon / Landmark	c26dd7a4561b97a91c949cd1a394684771101551
Assets	CMP	Icon / Languages	7e30316efcece5bb595b9e597b91ecaab7785d74
Assets	CMP	Icon / LaptopMinimal	014b8a5f2996567b5942f7b6099cdedaa0b81bb9
Assets	CMP	Icon / Laptop	75a02cf534af6da43b118b63948a19623b56d487
Assets	CMP	Icon / LassoSelect	18a0312a23eba2ae0b6e734409f514e8a52cc4b7
Assets	CMP	Icon / Lasso	6a52d0f9d35b80f7603aec59ebefa7eaa5fd624b
Assets	CMP	Icon / Laugh	34b1fc14d714d474623bf14c694f5e7e97b8d65d
Assets	CMP	Icon / Layers2	e3ba4df1f1f33a8a248b2aed8e99ca28aafcdb02
Assets	CMP	Icon / Layers3	d99ff51827d6d7535d0a688c213e2a0a941c2f99
Assets	CMP	Icon / Layers	3e46d3eed2ac5e80df5f6b28496d9844c8e19e29
Assets	CMP	Icon / LayoutDashboard	6e04d9f9044fd9b94233f9b8b1f227f32b439869
Assets	CMP	Icon / LayoutGrid	cc5e4ad8232a35527d26825ab362760406961bcd
Assets	CMP	Icon / LayoutList	ca69ca53e05ced9ef53edea059bfa46ed0c79bd6
Assets	CMP	Icon / LayoutPanelLeft	dd3ef29acb3b6ee1208d393d59b0777e50ccb871
Assets	CMP	Icon / LayoutPanelTop	f9d4504b43f20b8648e1b9f8f42414e188a7ba29
Assets	CMP	Icon / LayoutTemplate	ea525b51a2eff4b49299dc2dbb698cf3144a48fc
Assets	CMP	Icon / Leaf	eb014afb8d7e8871fa461ba81c6d7b08252e4765
Assets	CMP	Icon / LeafyGreen	02cd67654ccb91c76060ce529a66e3825ad4dc9d
Assets	CMP	Icon / Lectern	641690786a6a0b6d0cf91bc4b71c134a22491a36
Assets	CMP	Icon / LibraryBig	c51e719d15095b2839d61465dd6a261ff2026ffe
Assets	CMP	Icon / Library	c1c8d7a6cf64f68c6abeb989af6c606992307395
Assets	CMP	Icon / LifeBuoy	0d49e7541b492b2eb0812789372cf5faee66cc78
Assets	CMP	Icon / Ligature	d291035fc5ae32036af0ecfb9cc68d769730adcd
Assets	CMP	Icon / LightbulbOff	154e6c5c22466491943f4c89d55bbb63656cdd61
Assets	CMP	Icon / Lightbulb	9bdb01cd4af8f5c8049ef14eeff204d7ea86ee54
Assets	CMP	Icon / LineChart	92bc30ae5b27cb16eebec4d2f39ec95bec595751
Assets	CMP	Icon / Link2Off	3e6bc4b5035705768547b450fed500687f970251
Assets	CMP	Icon / Link2	dd1576eb4850c0d6e3409750c229ed6f6b22a650
Assets	CMP	Icon / Link	d2632f2ec4bd9b8d50d5653690d4d552d38f07fe
Assets	CMP	Icon / Linkedin	69ab9539f241af28b2a7fff948a7dbf9d95a9330
Assets	CMP	Icon / ListChecks	e8deceb063893cff8ed038940c994e48f29eeb35
Assets	CMP	Icon / ListCollapse	7bed6939b08440135af035eb8d5a4a5051c85869
Assets	CMP	Icon / ListEnd	96d8ddaeb292b2138fb60df74d0ef36b9b96a8c2
Assets	CMP	Icon / ListFilter	14a6b2c3ec66d14a2d9d0dff32bae598585b2b94
Assets	CMP	Icon / ListMinus	d01594cf675fe280abfaa68f7818aa7be673dde0
Assets	CMP	Icon / ListMusic	0ee21338b48882e01b85609c36994a161bc4b636
Assets	CMP	Icon / ListOrdered	93d41c15b98f92fe7edbe45d42f094632ed91152
Assets	CMP	Icon / ListPlus	9855d209ecad4f324696d3b3ac555f2f4e8b016b
Assets	CMP	Icon / ListRestart	1fb1e1d0000774696026dd444c18938002962979
Assets	CMP	Icon / ListStart	10a0e225d22b7dbf7a9b78373bf758fd285fcab4
Assets	CMP	Icon / ListTodo	40009a1627b02cddc8c586054c9c133426a37ad5
Assets	CMP	Icon / ListTree	cfa762cfd8ac3fb3808d55f24e29f8238c96b038
Assets	CMP	Icon / ListVideo	cc9abc41e751dc057b39e59d27561eb9eea524ff
Assets	CMP	Icon / ListX	bface20dc817c5640feb5acce2bbde52a6731b77
Assets	CMP	Icon / List	71d062c714fc5ed56b449691e1532026d01d5607
Assets	CMP	Icon / LoaderCircle	998af0e78dcc1ad7d181e062cc2cae2ac345397d
Assets	CMP	Icon / LoaderPinwheel	70d55fd44a631941c82391b63d7496b44076874a
Assets	CMP	Icon / Loader	e07b42117034289a32f83b74cc6c6d82e1fb0499
Assets	CMP	Icon / LocateFixed	8cc3acdcb351dbb5a4bd7d486464d2d566a870ea
Assets	CMP	Icon / LocateOff	43aeab54b6a901dd1a46c91a34ecb9761fa47290
Assets	CMP	Icon / Locate	99e6d54f1bffbf4e172769ee92637acc5f0fabd5
Assets	CMP	Icon / LockKeyholeOpen	4d5b91421aa8847ad30ccdab5fa094d7b88671e7
Assets	CMP	Icon / LockKeyhole	5164312ce27c85078d9af0f7a0661d9db47f8cf2
Assets	CMP	Icon / LockOpen	50bb286bca1559332cfdcb2504e1e7fc23fbaffc
Assets	CMP	Icon / Lock	0ab56597d1af189c229b0aed106930cf1d6bd2e1
Assets	CMP	Icon / LogIn	d12b6f23d0a003bfaa1c5c53a9247e479c244ddb
Assets	CMP	Icon / LogOut	68c0616ccb18baa1f256ce2a23d9fafa8c94930d
Assets	CMP	Icon / Lollipop	cce0d3e37fd6d159eecc47f52a5f186593cb6a79
Assets	CMP	Icon / Luggage	e41ce5bf7a6b8f0fd314d4e8ed5a4a62dd64c6d7
Assets	CMP	Icon / Magnet	97bb87bedd89b9130dd6f00cb405dab755df9a38
Assets	CMP	Icon / MailCheck	284512d6ca46241696992f150030e260761a40d0
Assets	CMP	Icon / MailMinus	a0c3253459e5b86b2f44894cff458bac34376f25
Assets	CMP	Icon / MailOpen	13097fb6e021f9e87c951bee6a4a462f4bfa49c5
Assets	CMP	Icon / MailPlus	28e30cdfcf73907ab716860508a0b839af41ede2
Assets	CMP	Icon / MailQuestion	af1e9cb32b55c63000409c85d7e44d52075ca4f0
Assets	CMP	Icon / MailSearch	0f1f19eb9d395a8706262c82b84d87f053eeb25c
Assets	CMP	Icon / MailWarning	4b769d73b71e5a7fe004219bc4bcb97700238c6a
Assets	CMP	Icon / MailX	c191d77eec257ee416c25e16e89ae890f058e475
Assets	CMP	Icon / Mail	69ae90aee25a4b66fdff51f15fdc09e39171ecaa
Assets	CMP	Icon / Mailbox	0ec40231801cf2276900db5f1f415362e8e48285
Assets	CMP	Icon / Mails	8601a8b193061d61e7178c53e8a41fe0dd373ad1
Assets	CMP	Icon / MapPinOff	b882968da78fdf8aae550bdce6683afabe9eb593
Assets	CMP	Icon / MapPin	2d4f55c79f02ca8155d3d6e3a45b95034e8c16b6
Assets	CMP	Icon / MapPinned	acab503e3957ace5f7a36f764690ad5a84c08827
Assets	CMP	Icon / Map	5179765a0ba34ea724f0f83e3ed88cdeddec4f12
Assets	CMP	Icon / Martini	48c9c42eda94b25927a92bf9b7382de893ffbff3
Assets	CMP	Icon / Maximize2	c478affc40952b6e23d778698759a0eec92db4c2
Assets	CMP	Icon / Maximize	74eb8d9653be7a25ea6a851271fbe1d5c616842e
Assets	CMP	Icon / Medal	0f9aafa3bbc17ea05fc19a9996b743178d4b8aa6
Assets	CMP	Icon / MegaphoneOff	67e00a1c030e9976f96d2f6fb6de8d245155ae52
Assets	CMP	Icon / Megaphone	48bec68871431642305fa98f9be7a2c547bb2241
Assets	CMP	Icon / Meh	6b7a24d8af13dc3a341553bfe6c05aa4183e7964
Assets	CMP	Icon / MemoryStick	99fe3983480a3a2ba28c58e05093fe46d3ff7cbc
Assets	CMP	Icon / Menu	bd8ec9fdcf06ff06f1b0b414ef54356d3649c3b7
Assets	CMP	Icon / Merge	a7b1e6eef015a81402393a61ac9b32a5ca9fec4e
Assets	CMP	Icon / MessageCircleCode	b00831781ec7374880754f64936e87d12baa0fb9
Assets	CMP	Icon / MessageCircleDashed	82dea33cfb4581155a1de7af0efba03d3270f004
Assets	CMP	Icon / MessageCircleHeart	b1a585727152141adb6789d811f6f7ad34510a72
Assets	CMP	Icon / MessageCircleMore	1114b2f6e568ad758b453fda4058b9954871ac9b
Assets	CMP	Icon / MessageCircleOff	5ddbf94b18a813bc33043e85a4ece3916f234d0b
Assets	CMP	Icon / MessageCirclePlus	d26119c5e3761c0cddb6bdd9a0d067bdc8c0f7bc
Assets	CMP	Icon / MessageCircleQuestion	11fdc0075e614c5a32cb48c89e73d536c5fee8d7
Assets	CMP	Icon / MessageCircleReply	71b83b544ca0d6790c32e6bcf3b8a7587ff619d8
Assets	CMP	Icon / MessageCircleWarning	f50fbaa475a4161d5ad5dfaf582af5ef6166f958
Assets	CMP	Icon / MessageCircleX	72ca7718cd23f654797b262730e2b6c4f0e8028e
Assets	CMP	Icon / MessageCircle	962a9418f2cba8df9b12789124c971bfc31d6f43
Assets	CMP	Icon / MessageSquareCode	bc21d78a65818253b5694c9ec48617e328cf1564
Assets	CMP	Icon / MessageSquareDashed	bd147539c8fe2f597160cdd3b8c13a1fa74d20d6
Assets	CMP	Icon / MessageSquareDiff	ac0ad3783cb4f910977bccb2cbb9143bfdda80c5
Assets	CMP	Icon / MessageSquareDot	9998b780dfb250a172803da72400f8e41e90ab58
Assets	CMP	Icon / MessageSquareHeart	017e30da8dbf1ea6ee89ff8182666be2f8bc40a1
Assets	CMP	Icon / MessageSquareMore	5e3f3c65e7675a45e413befbdeffba417f19f186
Assets	CMP	Icon / MessageSquareOff	31215a0946bbeee3a28e03d43685e581f8cbe904
Assets	CMP	Icon / MessageSquarePlus	c982cfe8a1b13954ce38c528d24870012af2c03b
Assets	CMP	Icon / MessageSquareQuote	ee4fcc909d6f91f2cc311850aaf966aefa826fa7
Assets	CMP	Icon / MessageSquareReply	0b34b2d5c7f8822e548df79dd078033140d5099f
Assets	CMP	Icon / MessageSquareShare	f9c748eea757bc45c3e739d5ec918762ebf18b94
Assets	CMP	Icon / MessageSquareText	326432ee5468af72d08ab5713c21cab1ab2f6216
Assets	CMP	Icon / MessageSquareWarning	6ec9cec6c5118ac563d7c7a9b59e80c1b6092520
Assets	CMP	Icon / MessageSquareX	f9f911139e9781c07e2355ca5373e6e22e252f3b
Assets	CMP	Icon / MessageSquare	50d5eef2f43ea3e24b7ddc0eff7d34ac01513897
Assets	CMP	Icon / MessagesSquare	a696a5c65f57ca3881d0692058f0cf106465c920
Assets	CMP	Icon / MicOff	8aef8cb211a5f58b8f03946f83f1b47fee8c773d
Assets	CMP	Icon / MicVocal	e7c4b7c34ae8f1e09cbc4cc1bee86526c52960ac
Assets	CMP	Icon / Mic	02bd02e6ae961b091de2613743e124305ebeccca
Assets	CMP	Icon / Microscope	02947c6e5703822b4a5b670885ff25173861c286
Assets	CMP	Icon / Microwave	8f8f8e9b4a1beaaea77c7d928066fa3ac827e01d
Assets	CMP	Icon / Milestone	117adc8bf72893a34dc502f8ec5f8e846c3471d4
Assets	CMP	Icon / MilkOff	8fb32d370002662de0840da3d573b664242ba38e
Assets	CMP	Icon / Milk	5570713fc2010e10962b6b083f8801a6f177b268
Assets	CMP	Icon / Minimize2	b1e6e5ae646d25c97c076b29d69aa564ece0cdb9
Assets	CMP	Icon / Minimize	8db0d54a3817450c13f1cd0903ef71f9a823ebb5
Assets	CMP	Icon / Minus	10a31531db1db1aa7ead4038b5c2d02525f38861
Assets	CMP	Icon / MonitorCheck	0a09e6a4e63a4603a066fb1f15044a6b1e864a05
Assets	CMP	Icon / MonitorDot	43238d8763c8ebd089f02f2b00f4902713daf92a
Assets	CMP	Icon / MonitorDown	22afb6dbd98d2102991b86e72ae2a97d1c1d59f0
Assets	CMP	Icon / MonitorOff	861a3d26afa34fde550b7b26f6bd72be57cbdc0c
Assets	CMP	Icon / MonitorPause	8f06707959fae412b63cdbbfff25b2a9ef4daeda
Assets	CMP	Icon / MonitorPlay	f010bcd7363622891ebaff95876de0a5b8a5ea51
Assets	CMP	Icon / MonitorSmartphone	a4cfde807a65f622cc20d249679b5521f801103e
Assets	CMP	Icon / MonitorSpeaker	7f73f93aa819a65a92260a6e06248ccdc42afa24
Assets	CMP	Icon / MonitorStop	f95da6e5beb5532c73302604c502bb2345224038
Assets	CMP	Icon / MonitorUp	6050b6724b1b72ce048b901bccbc163050476b03
Assets	CMP	Icon / MonitorX	faaff33da9b0a24d957df933b010c6bfe6c68a43
Assets	CMP	Icon / Monitor	717e8787d0f0491d71d411349b85dffd04916f40
Assets	CMP	Icon / MoonStar	cc0aa8100b91fb5ca49ba51d4a5f76362fb112dc
Assets	CMP	Icon / Moon	82ec2052eec63979222a231e530887f6f5a7d817
Assets	CMP	Icon / MountainSnow	5432a87e4356533ecf6aed551ae6996395541593
Assets	CMP	Icon / Mountain	88de40528435fdb9b11ea333228a620bd794bb20
Assets	CMP	Icon / MouseOff	5835a14aa3938ee88bf5bac66e5a01580caeac5b
Assets	CMP	Icon / MousePointer2	b9d90d84e9c1f63f2ee65192c9f453e7ffa69aec
Assets	CMP	Icon / MousePointerBan	26bebba0af2273a155b7f2da1ef57fde02766477
Assets	CMP	Icon / MousePointerClick	373bef0cd9cbb5437ca8eeb48a03f62481fcae67
Assets	CMP	Icon / MousePointer	5144b46df4a437d022c72687351d15a22788f248
Assets	CMP	Icon / Mouse	e8042a7ee81415ed7ed0e82db4e1931623cf8a3d
Assets	CMP	Icon / Move3d	3ecb6e0c6221aaa269afd284bf35113ffd7f4284
Assets	CMP	Icon / MoveDiagonal2	66fac3cde90f772758cf97ce5efffaac64335780
Assets	CMP	Icon / MoveDiagonal	01af7854f8eb9e89af516423f6160b86c0a5f615
Assets	CMP	Icon / MoveDownLeft	2e06b496de700babdeaea80a997f2ca73e71faab
Assets	CMP	Icon / MoveDownRight	44341a7c6bddb62acc3f56f08b04a9b04e4dbca6
Assets	CMP	Icon / MoveDown	860aac43299201465e5fa47a505902ce4a474f59
Assets	CMP	Icon / MoveHorizontal	f32e6752c9ba5bdb0de4ed77dd8dde37c30b2ed7
Assets	CMP	Icon / MoveLeft	2780dbc5c0ce4c0edd48ac65aa615c6239985ad9
Assets	CMP	Icon / MoveRight	8edf999cb87295791e0b88958ccb85ffb71d6936
Assets	CMP	Icon / MoveUpLeft	4fa8cffb76e448ab8cf7359324362bd95760ea22
Assets	CMP	Icon / MoveUpRight	80e28e3caa88613c7d8f7a89e1dd08726e82ebd3
Assets	CMP	Icon / MoveUp	aae448fa2da8f2367131d4a08d862589f2af37fe
Assets	CMP	Icon / MoveVertical	132ba770ae545435b76505abbaea638e804d0b6a
Assets	CMP	Icon / Move	b4c5df1f4cee7d56217d04b32ef085c9459481c2
Assets	CMP	Icon / Music2	19e52ba1c8a98a549dba1de3ffb7332e7ea7fbec
Assets	CMP	Icon / Music3	9ca27bf46289b3b69516db80b7df3432c1659b2e
Assets	CMP	Icon / Music4	4594ff77be129733aab8e26cdaa263b113f77816
Assets	CMP	Icon / Music	17d4c7760195d0b8358275eb3545ea204be2fcee
Assets	CMP	Icon / Navigation2Off	03ac7d7badc55532754be5682e2d128e7ae65281
Assets	CMP	Icon / Navigation2	55c51f6d25aa07b4f189869d390721bb9e99d69e
Assets	CMP	Icon / NavigationOff	4a44726381d2dce79cec15c4d25d12a88f0255b4
Assets	CMP	Icon / Navigation	d1e31c7c0d62d2bb26dad7ed67ac8503e008e861
Assets	CMP	Icon / Network	b0005dc029c97e706692a51cfec228729eb3c5ed
Assets	CMP	Icon / Newspaper	866923ff7ba0615910bedf99cf9b7de434807ab5
Assets	CMP	Icon / Nfc	40cb4e8ca90f0ef6183c01ac3473cba446769f3a
Assets	CMP	Icon / NotebookPen	6f40ab25b9b415e7e296819cae9a2e2326370e83
Assets	CMP	Icon / NotebookTabs	a494b747710838dce775d989d178092c5bfab638
Assets	CMP	Icon / NotebookText	bb9522494409eabf022cf3dd510f87de8da189d9
Assets	CMP	Icon / Notebook	94bf0822a3c91f5db14f16fe6743a40e420e7204
Assets	CMP	Icon / NotepadTextDashed	f54751dfe9006dead33f8f018b537d8914ca83c2
Assets	CMP	Icon / NotepadText	f03d2eb5b4e4e0238fcddc13b0321e3aeb33f817
Assets	CMP	Icon / NutOff	84b193b822e3395b4317eb0504bcbc1580892150
Assets	CMP	Icon / Nut	c4ac29509fc1f598465f26ba5f13217a9c5e5734
Assets	CMP	Icon / OctagonAlert	aeb8fdac898f6052d07691796aedf27187f28a95
Assets	CMP	Icon / OctagonPause	559135e15f7158fed81ed377e82d1680dee45eaa
Assets	CMP	Icon / OctagonX	056aa7b6a96ae342f8de500e76c70895d4b7af11
Assets	CMP	Icon / Octagon	88d4e2c07927098fbb3a2ff5a8fd92ead5a268bf
Assets	CMP	Icon / Option	3ff3649fd9aa2c4a8905556a751ecb6203c3ed95
Assets	CMP	Icon / Orbit	285861b582c6f0ee87afd5605a9a4bbfa9f422c3
Assets	CMP	Icon / Origami	6eda8e6216cea2783da709e0b076b7b34a7e304a
Assets	CMP	Icon / Package2	6ff70f04d10dde9a0984bcccdf75bc6cf4867f32
Assets	CMP	Icon / PackageCheck	3cd26061f6cfb54dd54e2977117530600d6729ba
Assets	CMP	Icon / PackageMinus	f34ce872a9dd29dad44cd80fe276d110b93b59c5
Assets	CMP	Icon / PackageOpen	5192519a21071082c98dde88d2ea5d3e12794225
Assets	CMP	Icon / PackagePlus	5f4b0955c3bf6d4710a4e3fe6f0b4fb402330457
Assets	CMP	Icon / PackageSearch	93e290446a4e1acbbf0a75f7c5440615c3193d44
Assets	CMP	Icon / PackageX	711f9ad4c4c7fce1131fce66ae5622501b3a87f0
Assets	CMP	Icon / Package	9dc9e1a89ee7a2792f5b306226c179630fb2979f
Assets	CMP	Icon / PaintBucket	a0eae4b2970e80e4f6272f5d72810f3c3ef14ecc
Assets	CMP	Icon / PaintRoller	2b3a72009569a1d21062b45d519170920a982dbc
Assets	CMP	Icon / PaintbrushVertical	d1421df942519115575691f1f64bf060a409e96c
Assets	CMP	Icon / Paintbrush	6993ee0f2270b54f945bfa0c8eb4a328f9ce00a9
Assets	CMP	Icon / Palette	6e838a5103cc770539b4ac73623e5152671fc097
Assets	CMP	Icon / PanelBottomClose	4165a9539fe852a5c334ef72c2b53252823faa2f
Assets	CMP	Icon / PanelBottomDashed	feb085b87b987446a17753d67dc2af24f90a27c0
Assets	CMP	Icon / PanelBottomOpen	e7121ba82a83867b144eca6d80f3a09dc8c2b58f
Assets	CMP	Icon / PanelBottom	d6d39d67d8b8c05bd348bffd5117d6625985e117
Assets	CMP	Icon / PanelLeftClose	843089ce044aed83eaa716b204a380c29046e110
Assets	CMP	Icon / PanelLeftDashed	3aa01c1ad8f3353ee7bc44e92bbc5385ceae2123
Assets	CMP	Icon / PanelLeftOpen	f0c20a3f6e41952a5009fa800cd2ca6923b5b96c
Assets	CMP	Icon / PanelLeft	965cab08ea05a5f93452811bad3043749da24d39
Assets	CMP	Icon / PanelRightClose	5d83b2d889ae45b947b189dcaeee04f937d35f7f
Assets	CMP	Icon / PanelRightDashed	81c322bb22d0cb5ab78a4a70a6fe982ef9ab2afd
Assets	CMP	Icon / PanelRightOpen	051a15ce84575d49d771213021e86b4baf55ab0a
Assets	CMP	Icon / PanelRight	bcc764a12a383e907977ef54d3ff38333060abd6
Assets	CMP	Icon / PanelTopClose	b5e155dbc2519fdc2dcd942477e4466a1856d9a9
Assets	CMP	Icon / PanelTopDashed	be1fbdbba9961813eefecb1558adfe2090154584
Assets	CMP	Icon / PanelTopOpen	b8f3586d7a4ffb68ae6ba6f1e2fb30169ee2c0f7
Assets	CMP	Icon / PanelTop	6ea6be6ab83042376f466368cad81ffaec11625c
Assets	CMP	Icon / PanelsLeftBottom	5d9241c8e0bb0041e0b77782bfb7869e3396069e
Assets	CMP	Icon / PanelsRightBottom	b4bfae6991ecac4da92d9a82f78aee75df7ccfa1
Assets	CMP	Icon / PanelsTopLeft	28da0ae604ba3e132df7a849c465c065b966c1c4
Assets	CMP	Icon / Paperclip	bd038b953851fd66cc3bd75264241b3764c12761
Assets	CMP	Icon / Parentheses	28c8e53f927cf934ed1b82b760c576f2a3f185ce
Assets	CMP	Icon / ParkingMeter	a5c5a855caeec2e8f1e682b79442de26cf1a222e
Assets	CMP	Icon / PartyPopper	570bf87faaaed93dbcff33c5eca935db495cfe44
Assets	CMP	Icon / Pause	3f759a389ad084aab486325ada8a5f83a5ddf7f4
Assets	CMP	Icon / PawPrint	2a5b689cc3280415451e1ea019903d5776ab46b1
Assets	CMP	Icon / PcCase	9f2a8944a316988bf6d26285ab7cc5354c163a6b
Assets	CMP	Icon / PenLine	8ff710f8d631f02c205f56803149100e1bf6a3f7
Assets	CMP	Icon / PenOff	a722ccee189f5a647cbf9dc8efcff2d39824196b
Assets	CMP	Icon / PenTool	b5414eeba133fa17b56048b685ee1dc6b4192728
Assets	CMP	Icon / Pen	8d1a6165fa88ae77c6f10c50028e45727a7b6789
Assets	CMP	Icon / PencilLine	0640a687c636d2b1df8b24fdd94cc862558bb6aa
Assets	CMP	Icon / PencilOff	7cdc1b84b42ad479046c97db527f1b82fa38018b
Assets	CMP	Icon / PencilRuler	35267686dd008bb86a2198cdecf788ffb83b73de
Assets	CMP	Icon / Pencil	dfff5457e4952e9cad69a1a737158f5b2fb17cec
Assets	CMP	Icon / Pentagon	09c2458ec4a4dff5b84c3a439557c7220efe4408
Assets	CMP	Icon / Percent	4f57479c0a5f26e9c3d6b109153737fa8278a6ba
Assets	CMP	Icon / PersonStanding	b5cb61ee10eb31f51abcada55652a42836795608
Assets	CMP	Icon / PhoneCall	fa1e434e2bc103067bfcadd9aacb16bc8d6a7c8a
Assets	CMP	Icon / PhoneForwarded	91e8de40f9657111944736c50fac915535f92f1b
Assets	CMP	Icon / PhoneIncoming	fdb4cf70b9d52dabddf786d4dcaaa666611207ee
Assets	CMP	Icon / PhoneMissed	4cdf9736a0ad0cd5620ffbfc07b87b0d2a2ae65f
Assets	CMP	Icon / PhoneOff	4ff6056af39391f8bdf4c356be8fb4d25a4f7bb4
Assets	CMP	Icon / PhoneOutgoing	ec21cdcccdf1a771759ea9dbf3240c6e70ff24b4
Assets	CMP	Icon / Phone	1f3b409cbf432ef6561083b8ae75409415472f6b
Assets	CMP	Icon / Pi	7d28c3b0d1146a3131bb23591fd7049b626b45d5
Assets	CMP	Icon / Piano	dd80ee11d7d773caefc7c69198500859406f90c6
Assets	CMP	Icon / Pickaxe	ad8fcc7fb09477d70fdbd3fceb0324fef60648bb
Assets	CMP	Icon / PictureInPicture2	6e00f2b866ba01620cc1b4c3935cfc26488bb68b
Assets	CMP	Icon / PictureInPicture	8f901de3176d1ea9c95fbe0d2dca1d2cccbdaaf1
Assets	CMP	Icon / PieChart	d5570dfbdb238cd6a03462dc360bd6d013b66b11
Assets	CMP	Icon / PiggyBank	65e8dc13dbc3d8b101e8d631ee10216d4aba7bde
Assets	CMP	Icon / PilcrowLeft	6adf421f5315a657d5c06caac03bbb616c43668c
Assets	CMP	Icon / PilcrowRight	5d364c3aad0232efee737f98d6c8a5ad2e24f163
Assets	CMP	Icon / Pilcrow	82fa4327d6fa57155f7467daf264cad251524f39
Assets	CMP	Icon / PillBottle	6aaca972b2d53ab1961f65c0098685a356261c9c
Assets	CMP	Icon / Pill	1a2ebafb933d14a8b125c4e072c66c8c12e185f5
Assets	CMP	Icon / PinOff	57e6a57412bf7c273310f7d12cc0fc3df8da2c5c
Assets	CMP	Icon / Pin	47a064613dec811ab7d47533cedffc7281ddd16f
Assets	CMP	Icon / Pipette	8a240a63d5e11cf76546995a4278cfed7a3f3e5a
Assets	CMP	Icon / Pizza	3b636730d122443e87c047710478b17b498bb36f
Assets	CMP	Icon / PlaneLanding	7336cd291d2da6452b112335a9f8b62da7c5cfef
Assets	CMP	Icon / PlaneTakeoff	26f5063fd1f62c0e2afa15be11a8aa5b51c539aa
Assets	CMP	Icon / Plane	9a1f778ace5fb1d9303f36bb06a0d1dd97118439
Assets	CMP	Icon / Play	fd0592608b6dff0cfd8c635e1ccc11501e682185
Assets	CMP	Icon / Plug2	6f5172a9cbbde02561cf611ddcd5bb858b1d5c22
Assets	CMP	Icon / PlugZap2	ba535c68e9bc1612a572612708357a60458b0ade
Assets	CMP	Icon / PlugZap	c7473611048348ba4131f9c43288be2ff0131467
Assets	CMP	Icon / Plug	eeb0f437375e2bdaceb5e3b77870f6dddad2b9f0
Assets	CMP	Icon / Plus	9190893b9fcd25d88ff00ec3c5a3d1687a7797f4
Assets	CMP	Icon / PocketKnife	a1f632b6b2d0175dd758fea8e187f6066612126b
Assets	CMP	Icon / Pocket	b39a45bc8969f2fa884b80029cbe3e6aa6d260a4
Assets	CMP	Icon / Podcast	ab66d31e5eac0b10d5e3ff8f9952e2b58e1f9281
Assets	CMP	Icon / PointerOff	9b45ca1c7056c7efd785884147d3f62b7d39d6b7
Assets	CMP	Icon / Pointer	772a9cfb1750f480831a934540e03753dfe2a177
Assets	CMP	Icon / Popcorn	1188619e37784e6182c80d270fc68997ab3b2bc3
Assets	CMP	Icon / Popsicle	cd2f3c16489fdf094afbf382c61e730b91e843bc
Assets	CMP	Icon / PoundSterling	6f81d17cb6141ff90f2d0010538b7294cff51852
Assets	CMP	Icon / PowerOff	25fc72b10673babae33dd09a249b836c5ed51395
Assets	CMP	Icon / Power	bc16482f96960f5114a0e628fa5b5c106dc39791
Assets	CMP	Icon / Presentation	0e66745b31ae56954cd0ca4da93d904a210fa26c
Assets	CMP	Icon / Printer	45a0962ac96c04f364b526a8d008a89bb5460388
Assets	CMP	Icon / Projector	09744eb519e45bc3424301d18451f05e9091171e
Assets	CMP	Icon / Proportions	202367e44516b5419df51b4163c3c31775bfe15e
Assets	CMP	Icon / Puzzle	a295727beba8cf4d92cf39c1e9ad703d2283289b
Assets	CMP	Icon / Pyramid	7a3a53015737e69876b863f70e80291ce35ce7c9
Assets	CMP	Icon / QrCode	294ce491073992baa6e1d0f3e0fd979d0254b189
Assets	CMP	Icon / Quote	215e7e4d3e3aa7bf2dbe07819e1eaa26dadbcd1b
Assets	CMP	Icon / Rabbit	39b70cb008d8edb4d850fcd7c6440eefc620f5a1
Assets	CMP	Icon / Radar	dba69f0aff59819fe0caaf0846b7626d652ff36c
Assets	CMP	Icon / Radiation	48e285a19369bf6310f2ac54485c270615c55a56
Assets	CMP	Icon / Radical	411ca8f05de13820b562b4e03475ea7466eed44e
Assets	CMP	Icon / RadioReceiver	708e250f4f84aee04177435eeccec7b63d69ee70
Assets	CMP	Icon / RadioTower	b7b0fb6f6ef4cca6b408ac472d2ba17a9e14b15f
Assets	CMP	Icon / Radio	208b81b86c1a0d20ff5d851600ba718cac38c227
Assets	CMP	Icon / Radius	e34413c3619f89797e3082cfaa64a7f2e471e257
Assets	CMP	Icon / RailSymbol	822f8dc65fb1c33b7e3811550b783c2fc705f8b7
Assets	CMP	Icon / Rainbow	994f625aebcf09808bbdcc6eecdedc3faf2cfb38
Assets	CMP	Icon / Rat	0146f931a32aea434f2a5372ea4cef58d6214e35
Assets	CMP	Icon / Ratio	3e335a456d02c2c19036accabfa76730d2956454
Assets	CMP	Icon / ReceiptCent	2b8d7836e500735c8700f92c665c2d1addea4ef6
Assets	CMP	Icon / ReceiptEuro	38d223a188e1550ec4f1b120fa75d5b2a1e6cdc4
Assets	CMP	Icon / ReceiptIndianRupee	01382a6cf3381a1aaf23eca868197072184a8c8e
Assets	CMP	Icon / ReceiptJapaneseYen	59676e558206cafc74acd5e6a1233df7317f39f7
Assets	CMP	Icon / ReceiptPoundSterling	05285b3c932a74a5fa5dd8f6ef6ebe2b3854e08e
Assets	CMP	Icon / ReceiptRussianRuble	751f84063718dc0b9cbdca69d0f1b8ac912643c2
Assets	CMP	Icon / ReceiptSwissFranc	aa6dc90371ebcdd294bebf531a2706bf7adb73db
Assets	CMP	Icon / ReceiptText	96d720f5ec8a5cce267fa076ed516a9a69ac51a7
Assets	CMP	Icon / Receipt	0173fa39a7508a3c632f11c6ecc76ea766df9634
Assets	CMP	Icon / RectangleEllipsis	fc136671d1c10002e3f89762a1640f0d54c106cf
Assets	CMP	Icon / RectangleHorizontal	fc13b3bc9f3ef78d9cde7fb0d00fdadc0f41a6ac
Assets	CMP	Icon / RectangleVertical	1ef359501eb6904ce691676712ef28d5842c5f51
Assets	CMP	Icon / Recycle	13905f2f463bde90133b9d54706abd509c812699
Assets	CMP	Icon / Redo2	9fadab8c8d8cbaa3fd48f17301183468f35c8e35
Assets	CMP	Icon / RedoDot	aa7b942c8509edf5d1818821cefde6c9c6cb75fb
Assets	CMP	Icon / Redo	2b0dc8829030816e8bc0cf1205eb1f0907bae9e2
Assets	CMP	Icon / RefreshCcwDot	b15720946f4cd11ffc22f8249de4784b6780e209
Assets	CMP	Icon / RefreshCcw	fe7cfe26175f02f9b82c9e2182388424ab471b65
Assets	CMP	Icon / RefreshCwOff	6f035aa8cbf429d5ff027859bdc87d2dce073859
Assets	CMP	Icon / RefreshCw	b0d200ee7add2f4516bb730ea30a7c703de76168
Assets	CMP	Icon / Refrigerator	54575c0d3232f4aeeae62a29dd1c67d8e5a56649
Assets	CMP	Icon / Regex	e3c105ded3261d32ffb166dbb1ac9c6a6055df55
Assets	CMP	Icon / RemoveFormatting	2d0ed11c8abe44397fc23df7b7339cb8ce22b5f2
Assets	CMP	Icon / Repeat1	ef6b70395f58d8d2ce3fa0cd80b05f1bfc949e83
Assets	CMP	Icon / Repeat2	3ce2c7ff9324012fd7b1199b856bec484a0cd3a8
Assets	CMP	Icon / Repeat	3ff95cd414ae719faf03b88983161b137d026359
Assets	CMP	Icon / ReplaceAll	5d485fec699b2e7a85e60d41c5aac650c7a61e1c
Assets	CMP	Icon / Replace	335aca04044c35eaa01f1f055a54fa5dd2885282
Assets	CMP	Icon / ReplyAll	eda087a086c58a49cb7aee508cfdabeabde7f918
Assets	CMP	Icon / Reply	f14a1fd8ea01003b035a1c6e9c9e2e7f085d9f71
Assets	CMP	Icon / Rewind	fb52ef7a8fb0235170c10b924c4b5d3f6ea3c47b
Assets	CMP	Icon / Ribbon	5bb597f7f100fd177fda36d7a513abd94f176cea
Assets	CMP	Icon / Rocket	4d7f669bfab9e56082e33814e07f60def5e7140f
Assets	CMP	Icon / RockingChair	1eb91cdbc416d9819990d6be32d6c71b30244fa4
Assets	CMP	Icon / RollerCoaster	d8f01aff8be4e06ec6e83b2e47bdfdc234740684
Assets	CMP	Icon / Rotate3d	2f6074900cac9c692e60f17f63f8e6c3b63280c7
Assets	CMP	Icon / RotateCcwSquare	0bdb9a5babb032ca85f2c89ccd47286d62a92c4a
Assets	CMP	Icon / RotateCcw	6bcbe078fa239c33473fc7c224046c4e0280f7d3
Assets	CMP	Icon / RotateCwSquare	3c86055def82165253e23b53a69da1b6c4490da9
Assets	CMP	Icon / RotateCw	4836cfd10e10220c4f5ad3735049dc29ef526322
Assets	CMP	Icon / RouteOff	2c22809c56ed038b267e1f81bf3b905fc43aa22b
Assets	CMP	Icon / Route	624c6d9445e92b89037c02927e53aebab4d56076
Assets	CMP	Icon / Router	d26dffcce5d290dee076be0fd58eb22cd97ffdad
Assets	CMP	Icon / Rows2	28d249e32f3c533e5158e8cf14a2b699ef140cb7
Assets	CMP	Icon / Rows3	5a1af011e6f616c7fa19204ed9c63322c2ba78be
Assets	CMP	Icon / Rows4	06b569ad41d88bcaf06aa7fcaa7983d709eda043
Assets	CMP	Icon / Rss	81cd7e2d1fdd2ad955a82a2afc88dee68358cfbe
Assets	CMP	Icon / Ruler	45a7928ed527dbdc758c11d53b8d1319e322f5c2
Assets	CMP	Icon / RussianRuble	8bd5c9df9000a86fcf19a4ad2c507184fda82ba3
Assets	CMP	Icon / Sailboat	1d9f2a0562c0315bd0a8ab964f520da3f1f0dedb
Assets	CMP	Icon / Salad	db712e255fcaf20793fb879e6abb69add7068bda
Assets	CMP	Icon / Sandwich	ccc87f5c70f309eb1cab38ed5ff1baaeec5788b1
Assets	CMP	Icon / SatelliteDish	d6ddba7a9e4280f1d0e3a7a5f5aa38586060f061
Assets	CMP	Icon / Satellite	0e5ad7bd7ed5883a91be30e90ce9d8c6ffb83c31
Assets	CMP	Icon / SaveAll	bdc69848c7327f303bd6d768f07361695daf894e
Assets	CMP	Icon / Save	4c40d99b8ac7cd8b375cd64ada9ec09d5045fa85
Assets	CMP	Icon / Scale3d	6f25779cda7c7e469646561d53a3f857a1d8739e
Assets	CMP	Icon / Scale	73e9314f2be54215b467e3a184c47cc0788a3209
Assets	CMP	Icon / Scaling	323d183f926c35811abefaa64718dac80ffb9fa4
Assets	CMP	Icon / ScanBarcode	cc03b8ee9a058ca2370fc62855f2ede72141d12a
Assets	CMP	Icon / ScanEye	745134ee2778bdb0a3ba9c8f25c0006339ad02ea
Assets	CMP	Icon / ScanFace	51e19a4808ad9d5223bbe8269bd1fb8510dd9ab4
Assets	CMP	Icon / ScanLine	bb99fa54fa4cf9bbca2084393963b4e9384fe8dd
Assets	CMP	Icon / ScanSearch	53aa79fe099e85a7bebe2831c51321d9e6cce64e
Assets	CMP	Icon / ScanText	5683b1fde938955f4729288ecc7bf22ee44a95c8
Assets	CMP	Icon / Scan	7d5b6e09dfa099b065d561d1e7763ea40b7884e0
Assets	CMP	Icon / ScatterChart	c88e562f1efabf49a29359e56d6f0a3970e47ed2
Assets	CMP	Icon / School	fea5da0d37d4049c63c9ba504ddda50ec2e73d45
Assets	CMP	Icon / ScissorsLineDashed	7b83563c01461fc1c6f86c52e863df838a8fa896
Assets	CMP	Icon / Scissors	19553f6fe42241d43812f84265f9065b0e8a2539
Assets	CMP	Icon / ScreenShareOff	7ba1379129562f9541f383a337b7da8193446a70
Assets	CMP	Icon / ScreenShare	06fa7b54fc7c64cbc0aa714d1703b37e374b1f29
Assets	CMP	Icon / ScrollText	65c34fdc04d939b065339f8fb070b381f451f0f0
Assets	CMP	Icon / Scroll	016ca097caa142a6fe094b9807af6baf2dbd8a37
Assets	CMP	Icon / SearchCheck	4c7fd5dd0eb570bd5c47da344f09b11f24163a1a
Assets	CMP	Icon / SearchCode	0476f349df1b14d0050b338d644ca1a203a3236e
Assets	CMP	Icon / SearchSlash	fb19db7e702b913cbf3fda58761635e00001dc15
Assets	CMP	Icon / SearchX	b13911cd81e6206c83337397d67e5d825472a9f2
Assets	CMP	Icon / Search	dbf49e1042100aa3b52274848f78021ac090fca7
Assets	CMP	Icon / Section	ed51c79a3b7f8611318174f84f50fde79a3befc3
Assets	CMP	Icon / SendHorizontal	6a7ad56affc0cf0f98ce440918ecc0ff3c467cd8
Assets	CMP	Icon / SendToBack	6238fbdbec5c820ac54795a2c2c2c4e9186bbf38
Assets	CMP	Icon / Send	da257e9b43426aebe7d3e3a0e8af6498d19f491d
Assets	CMP	Icon / SeparatorHorizontal	f1653e9af192db3cc7b4817949ff7323a7fcedf0
Assets	CMP	Icon / SeparatorVertical	ecd702680134cecb9288f69241b02f3dad0da0a8
Assets	CMP	Icon / ServerCog	cb50b1383167f337daae6e358f1658038e3bb705
Assets	CMP	Icon / ServerCrash	386a1607a1b7a3caac6a5534487f9dfcf31e962e
Assets	CMP	Icon / ServerOff	954553d6c0e3c394dc2bf7940392dc61ff9b5d97
Assets	CMP	Icon / Server	eff20ce4400c9f9a9957d2647e14c552fa344fa4
Assets	CMP	Icon / Settings2	5f751b39fc4cfe3802d2150e20199e9973941c3c
Assets	CMP	Icon / Settings	21368415cecd9fce1c1abb04aa380c1261243fae
Assets	CMP	Icon / Shapes	1607934557e256487f359dc8913b38a81d8c9924
Assets	CMP	Icon / Share2	19377b3117a040913a9aef2c3c504939684cb3c7
Assets	CMP	Icon / Share	b0f4738b86c9d8c945e3455f0415ac45d73fb08e
Assets	CMP	Icon / Sheet	cf2caf4cc41b20739cdf319e94e7125c80a9a1f9
Assets	CMP	Icon / Shell	75a9d7e052919ace368b4138f84c92eef4722c6c
Assets	CMP	Icon / ShieldAlert	4013b021a62200490d0cd7cab099289a9d1cd057
Assets	CMP	Icon / ShieldBan	d309b0c5dcd03e144c7e6a9740a04e60b3593b58
Assets	CMP	Icon / ShieldCheck	9dd6204620d0ae966810dc767d7079050276f70e
Assets	CMP	Icon / ShieldEllipsis	e2f65d4a36ec32bba82e89257e7bbae30112f2d3
Assets	CMP	Icon / ShieldHalf	3a2b2914897ab06a4ca09cccc843dd363ebb5c4c
Assets	CMP	Icon / ShieldMinus	5183d7d3de2ac440dd978bff39d09c903a339f77
Assets	CMP	Icon / ShieldOff	e535076227d9d9d3937ca03d259df1af9368e46e
Assets	CMP	Icon / ShieldPlus	45488e79033444b033949a067b3f707dd1264b29
Assets	CMP	Icon / ShieldQuestion	cf2b78c28b947a59dcd83fc63bfbe70646e1cf56
Assets	CMP	Icon / ShieldX	472515e974cf17cf4f73288063b584522026fc98
Assets	CMP	Icon / Shield	34e51c0f15fe4d73efb69818057837cee8f881f1
Assets	CMP	Icon / ShipWheel	fdb35152a8944bfae2ed4e9493c88036b3d9a07b
Assets	CMP	Icon / Ship	aae087891d1cfd8a77d886241da27d0bfcee0059
Assets	CMP	Icon / Shirt	3034e3d84dc903d1b8070a9bdd944b88255942dd
Assets	CMP	Icon / ShoppingBag	53fa1e8705573b84f7c5d63c0f4419d5766ea6f0
Assets	CMP	Icon / ShoppingBasket	d292f8818e78587bbe01148f04768a89372a3ee7
Assets	CMP	Icon / ShoppingCart	24f390ec4f112c75527bd9e72d06c129058b3af2
Assets	CMP	Icon / Shovel	6bc95b1cf3ee462a6cec4dcc04c52fdf2ea95796
Assets	CMP	Icon / ShowerHead	37110d40dfe7f8a73c439920202ef87ed6184d7e
Assets	CMP	Icon / Shrink	5470506659eca3fef61bed53024965cad791701f
Assets	CMP	Icon / Shrub	9c87b9ff07463211f5fda02846522a4a452c0fdc
Assets	CMP	Icon / Shuffle	16763aa5e40a26c142cf205ca1ee65d4d2638958
Assets	CMP	Icon / Sigma	f8168085a25d920e89d339ab775d4a6d7e79d2bc
Assets	CMP	Icon / SignalHigh	9aefc97909a9331fc02c9d74359d2855cbac42a1
Assets	CMP	Icon / SignalLow	5e472bf36f6c5badbf14c60d405e3cc249914b39
Assets	CMP	Icon / SignalMedium	dc194b69be8240ab0a222ac6f496b3320953bbda
Assets	CMP	Icon / SignalZero	79549a40ed721e01727cbe34445e580153a53403
Assets	CMP	Icon / Signal	3c712a913fd8b357f884e00e520bc18d1862551e
Assets	CMP	Icon / SignpostBig	fb65f11e7c15ffc07f9118c188fcc6c4b2500dcb
Assets	CMP	Icon / Signpost	83931c7d73e49db21e0974fadb2e4fccdf33908c
Assets	CMP	Icon / Siren	7c0ca0d983f2c5ca42ae751ceb8b37762add0805
Assets	CMP	Icon / SkipBack	de075c9403e29cb962a90617c8944150a6f40134
Assets	CMP	Icon / SkipForward	699239a5835e498f4c1d24f4511397431762ef76
Assets	CMP	Icon / Skull	9a48f61cff4d6441026b3a6225b33a0ea0028aa7
Assets	CMP	Icon / Slack	b0db1b68889c508506cb20a5ebc177fbc03c8b4d
Assets	CMP	Icon / Slash	978ba27df5a70e099ecac842068efc55120b3fab
Assets	CMP	Icon / Slice	1da2dde39bf317fe78f75beb3c049b5627b7109c
Assets	CMP	Icon / SlidersHorizontal	66cfbd635968e47d7d7af6162fe09990113e845d
Assets	CMP	Icon / SlidersVertical	4b7b67235bc721b1117406bf57ce45049f1b5f63
Assets	CMP	Icon / SmartphoneCharging	6828e38cdb840a1b19fbc2641316c48a8e01c3ad
Assets	CMP	Icon / SmartphoneNfc	cf88b2d0a22a2d3646559bac3bee47b871583b35
Assets	CMP	Icon / Smartphone	b11df32b413f4a4c7c8b66ddb25e14035e7f825d
Assets	CMP	Icon / SmilePlus	15d490ab9af96209e2e904e54e3eb1ba396cb01c
Assets	CMP	Icon / Smile	63554073cdd67a70d4f8f04661eb130da5de9d58
Assets	CMP	Icon / Snail	848cf3c2a92ac809e0a32ea5decb84b01519eb3d
Assets	CMP	Icon / Snowflake	ed923fa392859c920d9094e6d4e8b4450f11d624
Assets	CMP	Icon / Sofa	a5ffaa91dd2348bfa07cda78524d9490200ea9e6
Assets	CMP	Icon / Soup	a95369521e8f73ff5a96779eb277091b18dd35bc
Assets	CMP	Icon / Space	cd29d9bcd5d83cdd6c58f20b4b8b1084ecc67eae
Assets	CMP	Icon / Spade	c2c3f0f3b806ba22d1c7a2b71fbb561ef11142c5
Assets	CMP	Icon / Sparkle	8e5e46022ce7482d6559a41b2f2b9c03ed005a0a
Assets	CMP	Icon / Sparkles	6385098c2443baf5c50acf79c0ef0bbd365a4e32
Assets	CMP	Icon / Speaker	4739ebd4b3aa5884729bd9488068b4840f572b93
Assets	CMP	Icon / Speech	158990d9003f3479998c9f7f3b49e13e67cb4e78
Assets	CMP	Icon / SpellCheck2	bf0f9365ff13587c891ab4606e5f63831dc0cbf6
Assets	CMP	Icon / SpellCheck	c4832d6022c3d2407ee556c2ac3304b0b6328488
Assets	CMP	Icon / Spline	e6358fcee5a04b940d2e7219e73f58f08e524a5f
Assets	CMP	Icon / Split	deefadf0d215ca956f745996139e9ae0c514d5fb
Assets	CMP	Icon / SprayCan	65fe6b85d63083a12309a70d1fcfc66595772b7c
Assets	CMP	Icon / Sprout	386169a7749e016e224d7fadbc787ecfae713d90
Assets	CMP	Icon / SquareActivity	f16b60e82470ade40b297ffedac1a362f20ae085
Assets	CMP	Icon / SquareArrowDownLeft	e2aa23f7d1e2544e64de41f900ab5586651fad65
Assets	CMP	Icon / SquareArrowDownRight	c3c849f9afb46f0373cbadc7438c586ad48744b1
Assets	CMP	Icon / SquareArrowDown	a9c767911628b968cef4b4105bc9749ce0c07637
Assets	CMP	Icon / SquareArrowLeft	c6d7184dd9ee843b175edbb2cd01605c5cc0eb44
Assets	CMP	Icon / SquareArrowOutDownLeft	14aae1f4125038ee68f47e21ecbeea4bd85bc0cd
Assets	CMP	Icon / SquareArrowOutDownRight	541dfa3b21b84f32eb22b234613fc4787b7c1f2d
Assets	CMP	Icon / SquareArrowOutUpLeft	8e50efed19c346e9958438cabfbfef57fed5a340
Assets	CMP	Icon / SquareArrowOutUpRight	d191ff63749ed0f0502b7bbc1143678fa528d15e
Assets	CMP	Icon / SquareArrowRight	f10164a87d9b87ad2d573fd40fb6a8a9d7a576cb
Assets	CMP	Icon / SquareArrowUpLeft	2ba4d7525dac161de3766bb34a9de6558c455635
Assets	CMP	Icon / SquareArrowUpRight	5a71a960c8dd6034520235d6ec34671450298d9e
Assets	CMP	Icon / SquareArrowUp	f6d013085dcfc7115081d786d2045944deaeeb6d
Assets	CMP	Icon / SquareAsterisk	84b82b51d3c18b974b53bcc4820fef4d856970f6
Assets	CMP	Icon / SquareBottomDashedScissors	3084d9d3dbae5a670871ffadaef8d0b963cdc626
Assets	CMP	Icon / SquareCheckBig	fef749bb9a3defdb6d99ed4d078ace0f25b79622
Assets	CMP	Icon / SquareCheck	8cb416519dfe99e6ebc0434e822529da517e38ff
Assets	CMP	Icon / SquareChevronDown	a82dde90578c6e4b3ad4c7e4aa208cff1a3b9963
Assets	CMP	Icon / SquareChevronLeft	6ea046fa60c425652a2a2f3abbcad3b7ff58b36a
Assets	CMP	Icon / SquareChevronRight	53336e869365cd3fde8078f41fcff0aef1d3d006
Assets	CMP	Icon / SquareChevronUp	5a9d7c42952049bd5b2af9e555cb8ca9099e324a
Assets	CMP	Icon / SquareCode	bb83002e189e03e56fd19e9cbf0d939f373114ff
Assets	CMP	Icon / SquareDashedBottomCode	229458cfdecb9da64f3d2862b9f7fd4bbc826e8f
Assets	CMP	Icon / SquareDashedBottom	22198e470ad72639e1e79e33fde803c215aaff77
Assets	CMP	Icon / SquareDashedKanban	bdfae562e89f07b87fe38135041cfd54f5917df7
Assets	CMP	Icon / SquareDashedMousePointer	ceb7921fa02152871c94e499e329845309178f77
Assets	CMP	Icon / SquareDivide	c50cfdd04a6010197906d8e3e9ac1b2c769c26a1
Assets	CMP	Icon / SquareDot	a5c1fc9889486c121ad418ab2b9088e9505408e5
Assets	CMP	Icon / SquareEqual	6c7c03f32c9e6d61a9592e3a260775480e2ba431
Assets	CMP	Icon / SquareFunction	9069940afe919e0cf98b3a08fc5139be226063c8
Assets	CMP	Icon / SquareGanttChart	7089f57ad300849abf4adfecd0d98f489461e100
Assets	CMP	Icon / SquareKanban	f515d3fe0025e3a945b1c49cb71d9dc14d7496da
Assets	CMP	Icon / SquareLibrary	32a04054b019f7f9022a85d3226d35ff06e07322
Assets	CMP	Icon / SquareM	71cad533174750f957242a1a519c0ff1d6545366
Assets	CMP	Icon / SquareMenu	01a61964da240ed7cc0d8ce14246fe345be01fd9
Assets	CMP	Icon / SquareMinus	fdc8ba9c4a9c973257b515ee78aafd80052ea5c4
Assets	CMP	Icon / SquareMousePointer	1ec40a56b780633f4b240f5d989cdd3c2c0b6012
Assets	CMP	Icon / SquareParkingOff	3af7bb9765e1ddda2fe2d2d608016030b8dfdd33
Assets	CMP	Icon / SquareParking	3612b930508dcc60ceb0f8d092f445d16ad6e4fd
Assets	CMP	Icon / SquarePen	7037c2b6f6fd99cd23d22d0cb714e0717487b12b
Assets	CMP	Icon / SquarePercent	868b8dc52a2c11e72a4323f5dfa4a1d3c86fb91c
Assets	CMP	Icon / SquarePi	1d8d83d144811d97190e1861d1a61a12b7ff0f1a
Assets	CMP	Icon / SquarePilcrow	a9896ce6dcd4f0ccb61c7ef9f15095a22c8e976a
Assets	CMP	Icon / SquarePlay	3fc2ad59d91e3467c44f550f5a2f6b2ade0e4e08
Assets	CMP	Icon / SquarePlus	6adda70be1ad9648ec6c215c5b6438e3d7e1c06a
Assets	CMP	Icon / SquarePower	ab43e327d01a87428be81c0ceddb4098c401b6ba
Assets	CMP	Icon / SquareRadical	204918c600731ae2b176d7b167804512fb5174d3
Assets	CMP	Icon / SquareScissors	d5a5ae210df246c779e7b4d743f1c02c01b305ae
Assets	CMP	Icon / SquareSigma	4c3fa4f555d60d7d80ab2b81f71a557acc48f376
Assets	CMP	Icon / SquareSlash	5ef5d96cfc697cd62febc3b746c4adb236d7f7cf
Assets	CMP	Icon / SquareSplitHorizontal	2d345c896a67f15384b52826dd403212bf02c35d
Assets	CMP	Icon / SquareSplitVertical	e88d91e3f00b6ba13564e4fa3f6f2218b1c64de1
Assets	CMP	Icon / SquareStack	0343b025efce8d81c51e037a9bb25a6387d4ae64
Assets	CMP	Icon / SquareTerminal	85386e2479d1a8cb55fb0ac149fb26e8dd2b4cd2
Assets	CMP	Icon / SquareUserRound	170c5b3add0ef0bfdaea76edb1435d605e9c8fb0
Assets	CMP	Icon / SquareUser	5eb8a5ced4d22f0853696454fdd8ee28408add3b
Assets	CMP	Icon / SquareX	803b729a6fe894322bd72f5332fb38a7407493cb
Assets	CMP	Icon / Square	0e12a9411ae686305426f98a2b8062861fc38fef
Assets	CMP	Icon / Squircle	5f1922eceab8c9acd296080011a567b9f0ec7966
Assets	CMP	Icon / Squirrel	a25c09bb018dd0cd2be40269c29d04cc2f4a69c7
Assets	CMP	Icon / Stamp	ab623e7e98419d876fb04f0c02077fa8825be2ae
Assets	CMP	Icon / StarHalf	b1448c66c5c09bcc8599f46e8cec49435d51db0c
Assets	CMP	Icon / StarOff	7cb0161c6c045962116dce6c7c7861b8bafaa0a8
Assets	CMP	Icon / Star	6ce97297181f645a09b7c87e49167ee4bea58712
Assets	CMP	Icon / StepBack	6bed277f2a6199f52087b43c88d0860bc3d7d153
Assets	CMP	Icon / StepForward	b82601f9394a208e73efee5c90bb29d2aaf387bd
Assets	CMP	Icon / Stethoscope	181a2f09b25d98441ce8345b39348f6fe34926a3
Assets	CMP	Icon / Sticker	5428a207caa32a4ac6e17fece9a491a1f01fc4ea
Assets	CMP	Icon / StickyNote	e41a2c89ae1e30f06c730e6aa99937dd07ff001b
Assets	CMP	Icon / Store	0f16e15ab257209c5e0f7bb2bb9a55e89b8bb955
Assets	CMP	Icon / StretchHorizontal	a5e0f01a7c9c3b2253b70f92df36871dd6e72cb0
Assets	CMP	Icon / StretchVertical	91062c8c0df9de8c17c60c4627c34acc40fb5c05
Assets	CMP	Icon / Strikethrough	1fe4c2eab76dfb9bf519362e8b0dc5d4a68de853
Assets	CMP	Icon / Subscript	5c8e7d921fdc8d07e1007a88a9704f6dc8607d76
Assets	CMP	Icon / SunDim	e98b1889b74264ac707cf9cc5f7c66942c668ed1
Assets	CMP	Icon / SunMedium	c69033ac75fa82badb8b97dc8dd74aad28ad5e80
Assets	CMP	Icon / SunMoon	5ca3d58487eb8adf29fb0002e80671ca474535aa
Assets	CMP	Icon / SunSnow	5a25d712554be230231056b2f82303feefbafe69
Assets	CMP	Icon / Sun	438b4c8d06e69f0fc9b0cdb7a242ddad766e711a
Assets	CMP	Icon / Sunrise	c32a33995f3f7f4a0282983c0db1612c18ac32d5
Assets	CMP	Icon / Sunset	22906047bbf9b146353636bc345dbe6894338d81
Assets	CMP	Icon / Superscript	26b731b34a894fa026d334a428de015f575c9839
Assets	CMP	Icon / SwatchBook	44e5ab2019edaaa3d4c7d64416ef6c67114e02e1
Assets	CMP	Icon / SwissFranc	76173c6c9a1d293d9265a2e6f9bce03a8a3af561
Assets	CMP	Icon / SwitchCamera	12b2f7e09f91fda7f1aa03bede863d0d455702bc
Assets	CMP	Icon / Sword	1cfe7febcf5382fbb7e61cc0bfada2cb1ec0ba6e
Assets	CMP	Icon / Swords	d139c064a8b6fc7cdb655e102763764abcb39664
Assets	CMP	Icon / Syringe	6e859816b1c5ec18bcd04212e4da8141595640b1
Assets	CMP	Icon / Table2	ea5f3e39a07c33af574bf4647e4670751c174bbf
Assets	CMP	Icon / TableCellsMerge	c0b28d9329f84b307948b2471a7199a70d109efc
Assets	CMP	Icon / TableCellsSplit	6dbffbe5e7698729964211a50dd185fc763d54c9
Assets	CMP	Icon / TableColumnsSplit	0b9d2a8989283e3df3eb227853e8668b6045f7ed
Assets	CMP	Icon / TableProperties	d1fe55b90456c7e9eba6b58b7da40b0bb5d87ac8
Assets	CMP	Icon / TableRowsSplit	c63bb6cd96864b6a339fd3945bd8dac73590c80a
Assets	CMP	Icon / Table	5aee08c83acb75b193ba02436eb20edf5cc37e62
Assets	CMP	Icon / TabletSmartphone	9f921de0b74be609d738a20473a438b2d7524f9e
Assets	CMP	Icon / Tablet	fbf20ff56bb134019ab96e91da85eea508799d26
Assets	CMP	Icon / Tablets	4781dda368bbc68a81e48e726953210ebbfb4789
Assets	CMP	Icon / Tag	77e53ef3f5a6b045866a55f6483f7c374c82cd03
Assets	CMP	Icon / Tags	4c524c40398a450dcd72b5fb33aaaaf6f8f86135
Assets	CMP	Icon / Tally1	933d07964870d97ce36f2e20bd83984e6d310bc1
Assets	CMP	Icon / Tally2	a97982cec4a74521bbfd7e95542c49b76524303e
Assets	CMP	Icon / Tally3	033a8b82705b9558f3b1fa618b96477fc7f5935a
Assets	CMP	Icon / Tally4	e1a0d2580d52bf7ccae8b3cdbeb11ebbe339cacd
Assets	CMP	Icon / Tally5	f58c217a0a79d8a3539d93ec138df8bde7512bba
Assets	CMP	Icon / Tangent	3eb75864f50a9a139f279eb58c50a835bfa48e8c
Assets	CMP	Icon / Target	67e39c4686ee23f6b9a92b3eb801e212dae05fc9
Assets	CMP	Icon / Telescope	761c1a219df3bf258c11a5af0b19921301b05895
Assets	CMP	Icon / TentTree	8bc202a5af5a83946fb7ca879cad23910f54f7fd
Assets	CMP	Icon / Tent	06e6da283a009906630cbe5da3001cc9c0aacb05
Assets	CMP	Icon / Terminal	ef2257bc5fb09e7bf965dfceebdaf11a55e84c92
Assets	CMP	Icon / TestTubeDiagonal	3e5aea54a83531b0896041d89ec047cefe703a3d
Assets	CMP	Icon / TestTube	60d7d1bdbab3a6cdad30e620e4ae5764d84b7db5
Assets	CMP	Icon / TestTubes	978e5a4884f2c14a94d4e028a518e1b0d4068bc8
Assets	CMP	Icon / TextCursorInput	dad0b3ff88c92cacf57f6c6b9f9b423e4304764f
Assets	CMP	Icon / TextCursor	43248221ef90da20f8b9018be61b246648bb51dd
Assets	CMP	Icon / TextQuote	1da71062632d0183fa4e9364ed2407ca26d6c386
Assets	CMP	Icon / TextSearch	b2780b64b7b70b7aacd4c6814c1c675a1bc1d30c
Assets	CMP	Icon / TextSelect	eaca719affc78edddf1815659cd310608988be76
Assets	CMP	Icon / Text	efca9a29c5a8a2823c9137d4f11675a72fcf593a
Assets	CMP	Icon / Theater	0590748fff21ee1a622356211ec20bfc8a71e8ea
Assets	CMP	Icon / ThermometerSnowflake	9d22552fc6966c1c248d66c84d558c9a91b4dd7e
Assets	CMP	Icon / ThermometerSun	29282472b9cff3ba7abbee1e8b99b1a4b353fc36
Assets	CMP	Icon / Thermometer	fced89ad3a2ce80190164941f1f91647c3bb7ba7
Assets	CMP	Icon / ThumbsDown	3995c0a9f4760a442901aa14c262ffe72fe6cd62
Assets	CMP	Icon / ThumbsUp	0b6ddc82806fc910b6db0c30680279bdcf08f295
Assets	CMP	Icon / TicketCheck	51861536ff53435b79b99d6320539eae22f15d72
Assets	CMP	Icon / TicketMinus	7b10b619c8b89a704f1f18814063c740f9796b60
Assets	CMP	Icon / TicketPercent	64c3faa1e965ff267ee12664941ef93de8b57af4
Assets	CMP	Icon / TicketPlus	5126c5621c1016e4919e910470b46c37446e5581
Assets	CMP	Icon / TicketSlash	22127532f2b999367137b2faf73d79df5206a93d
Assets	CMP	Icon / TicketX	9e49c7eb99ab73d5c3097063d03ca941c45d5c1d
Assets	CMP	Icon / Ticket	1760f7ac0b3278929dd29b10baa004a07f1c181a
Assets	CMP	Icon / TimerOff	534d8c88d5dc59b7461e732e2e2766b25c99e116
Assets	CMP	Icon / TimerReset	94b51fdc028c3ba30fcfbd90c2f8861310642453
Assets	CMP	Icon / Timer	f04ac520da9f8a189e3b3d5211dd2d44bd5c5e74
Assets	CMP	Icon / ToggleLeft	14097456248b0020c1ffb73c4aab2116a7fd0499
Assets	CMP	Icon / ToggleRight	b9929d10c8d88b42c3bf7e94ca2888a26fd43586
Assets	CMP	Icon / Tornado	707b5610853eaa6b520a6a33a29b060d41f646fe
Assets	CMP	Icon / Torus	dbb9b0516b78b18a0559e791362f299ab3d768db
Assets	CMP	Icon / TouchpadOff	b0a7e3ba3d4876fa514a3b657bf5c3f37d8a887f
Assets	CMP	Icon / Touchpad	85d744002271634d0b560e6f80560ef9718885fc
Assets	CMP	Icon / TowerControl	b51da2e95320e37f1153169a0becbd14ced8e851
Assets	CMP	Icon / ToyBrick	ede4c80ef42b4f0c904d53433747037ed1a7df6c
Assets	CMP	Icon / Tractor	75376fdf24d2cdd63008948cdb9794c2a1ae9277
Assets	CMP	Icon / TrafficCone	6d8929cbcf44c9bbcde178bfa5c0b1de0f49c65e
Assets	CMP	Icon / TrainFrontTunnel	085c22ee6f0fbf3854b9ec15e0b5cb3851469423
Assets	CMP	Icon / TrainFront	7a9e7c4afa10c744f55befdd49d7d5901212232f
Assets	CMP	Icon / TrainTrack	1e458098a451ae46c0df95bad2826db04446cc3d
Assets	CMP	Icon / TramFront	f9db7726bfc73a353d4b8d2fd98f3b1b92a1526b
Assets	CMP	Icon / Trash2	41f47292b47e9b4fec7dd15d621dbf853384904f
Assets	CMP	Icon / Trash	5d7a40f13049acdd87777147e94663d8489d21ec
Assets	CMP	Icon / TreeDeciduous	6579c4eee1df302dc041467143a3cfb7ec41ba57
Assets	CMP	Icon / TreePalm	cc6cfd0458a6c58b336909fc8d6a5ad10d2fa5d3
Assets	CMP	Icon / TreePine	73962c92e2face9f1c47321eae7f6820e84222f2
Assets	CMP	Icon / Trees	94cfba64a79427740e6ca030e0f7467b7d0791bc
Assets	CMP	Icon / Trello	46fba9e0267e965343a90af72a7a28f773f7c74c
Assets	CMP	Icon / TrendingDown	0ebf07fe9b9d85fdab8bc406ab8d9279726b8708
Assets	CMP	Icon / TrendingUp	7425e500abb16c4d06c7ecc450b0a759912ff3df
Assets	CMP	Icon / TriangleAlert	e2bce6fb98acfdbc69a48ba5f74e24fcb935bb07
Assets	CMP	Icon / TriangleRight	3a790316f6bd2f83000ff9734490187f1f278197
Assets	CMP	Icon / Triangle	0d28c51f34677408cb22c3c154cbf1d3899fc4fa
Assets	CMP	Icon / Trophy	7f9cbc5580b2605edff82e3265f6d439cd69ea39
Assets	CMP	Icon / Truck	89270bb9f8a35ec398a0dd09660c775730ec8519
Assets	CMP	Icon / Turtle	3fb9511e0a0fa4095afb36757e34bfeb1755b5b8
Assets	CMP	Icon / TvMinimalPlay	7993f63c59144e1ccf36bf2d35ab3344f102c329
Assets	CMP	Icon / TvMinimal	9449a1a29545f9a8914784c9451d018ed186873d
Assets	CMP	Icon / Tv	1273a13ee1dcf23961c498086a1e167a9c9eba52
Assets	CMP	Icon / Twitch	adf08bbc8d5baa908cf7811356a14fbeac14ff44
Assets	CMP	Icon / Twitter	fc8914f5543a90af641faf95bab77b3850787cd2
Assets	CMP	Icon / Type	d9117469db1641ca562793de1cad1f8156a93788
Assets	CMP	Icon / UmbrellaOff	591e52eb26062894018ef3b3d34203a96a77c535
Assets	CMP	Icon / Umbrella	cb5be94b62d4275c4e4da2184e4f46568961f054
Assets	CMP	Icon / Underline	d7c4a9d2a42e668fc1eec71bbd7e22121db6f3ff
Assets	CMP	Icon / Undo2	0f826cdd4c9c4d0ba7f42d5560b984f5bf119fcd
Assets	CMP	Icon / UndoDot	97ad652b881c282c84a702feffc2838ef29d8e4d
Assets	CMP	Icon / Undo	21069cbc0a732c87f0643647f441f1816d94120d
Assets	CMP	Icon / UnfoldHorizontal	ff4419f2dae66cebb95868f470263490ef2e34df
Assets	CMP	Icon / UnfoldVertical	38ff6a8b8a1a929615cb23737a6a7408ce19cbbf
Assets	CMP	Icon / Ungroup	7a7a5fdff9998aea28cb5a38a8e6d614c69b9319
Assets	CMP	Icon / University	4d8ce8e00145ecccba66aff2985ef2b6f41fd234
Assets	CMP	Icon / Unlink2	243afe99d360a81c84af415f80d0e3fe08baa356
Assets	CMP	Icon / Unlink	cd1d1a14dafc8c2eb408e2a741bd67158e859cad
Assets	CMP	Icon / Unplug	dec800e86d0ed20f1ea9db7a1d7b2e50d6f32a61
Assets	CMP	Icon / Upload	4e23b4de75b79b289531f4b31e841a3b2da08b9e
Assets	CMP	Icon / Usb	f98357ad5f5873b9fde2af6c57d241e904a9d9d6
Assets	CMP	Icon / UserCheck	f51464ac0d07fa5b087c92bc164413af25f03ea4
Assets	CMP	Icon / UserCog	81fe40c2a596fcee8b8403ec3624f12ae3e894fe
Assets	CMP	Icon / UserMinus	74cf72eae80c52bace69dff4a8fb8ebde69d9ebe
Assets	CMP	Icon / UserPlus	39f1a9afe7c31da1bebabc57006768e372ba0364
Assets	CMP	Icon / UserRoundCheck	c2b27bd2f864215557107900c0f6eee0d01aed7a
Assets	CMP	Icon / UserRoundCog	5779f8e5e3cbe58990ba1d553dc5efce6d96da04
Assets	CMP	Icon / UserRoundMinus	ef0fe8a50ef3e902dfd109ae6ba017f9a8e99d6c
Assets	CMP	Icon / UserRoundPlus	0354a074d32206a67077d68189f662b06094d784
Assets	CMP	Icon / UserRoundSearch	27cdcf25ef867d9a2bd344ab616072a4a95a322f
Assets	CMP	Icon / UserRoundX	604e28a8d1eab258578477df1f1aef2db689f301
Assets	CMP	Icon / UserRound	7396520a666a02c0f93482fc5040ae832b5fd250
Assets	CMP	Icon / UserSearch	6c285a09dec610f716c1956d2fedf3968b0f4ac2
Assets	CMP	Icon / UserX	61b1f10bd6df54646c0306b659cd13f919ed437b
Assets	CMP	Icon / User	7f118ca71c3a8c5652865c22b34bab02fcd0ae7b
Assets	CMP	Icon / UsersRound	9d3ed7462bffda8bd6b980fbd2d0b0eed888531b
Assets	CMP	Icon / Users	a78647b864fc57a2c9e8d785f00f4e8f255a6cf8
Assets	CMP	Icon / UtensilsCrossed	c527c71e92d40123877d8242a33faa19352093a4
Assets	CMP	Icon / Utensils	764c72e0b5c1e0c30f9d37135b3b7ed4b1dfbf43
Assets	CMP	Icon / UtilityPole	b618cd3362eea11dc0e8720e309036ea4f789279
Assets	CMP	Icon / Variable	fe062fb2ea809065d34845846d2ff9f4b8a15167
Assets	CMP	Icon / Vault	bca9dc221d0986102f325692ea49a79ab7cdc02b
Assets	CMP	Icon / Vegan	e1cdab146e6cab24eb0fe4ede5ff5859f77ce8ae
Assets	CMP	Icon / VenetianMask	8a6c22db2fdbaa675ec4e4b0dfcaddcf403c854e
Assets	CMP	Icon / VibrateOff	71a05687aa90074b68b2d7f782f1601fd96e3dc5
Assets	CMP	Icon / Vibrate	57ccfec10fd172e70a014c73eab025375bbc22b4
Assets	CMP	Icon / VideoOff	55e4f9aa7e0e3eb34c053b85c9238d9661b8ffdd
Assets	CMP	Icon / Video	95ac269bc4a170f5a061b019ce6944de6e111065
Assets	CMP	Icon / Videotape	17210819ed3a087ad8b3945a7662721fac3cf995
Assets	CMP	Icon / View	3b834d82f8236a89371e5a28a18408ad936b3033
Assets	CMP	Icon / Voicemail	06405db5a640cb87c839d1d62f6bde6822bd5edc
Assets	CMP	Icon / Volume1	b37e9992509974dbbcfbc4868e1dfea3e9b0b5f3
Assets	CMP	Icon / Volume2	f08ca167eb8041a2b3bfb853c520c9c0e02dd5e5
Assets	CMP	Icon / VolumeX	5242262417fa5cf457c298fda65c99e6138e6d3e
Assets	CMP	Icon / Volume	29c462d85cdce4fb8db6d399983a4e72636bcd45
Assets	CMP	Icon / Vote	7f459df0196cb757f0ff1fc886e89ca19dfd3953
Assets	CMP	Icon / WalletCards	9a0329e3e3aafdeae369b896a2376256b136b1cb
Assets	CMP	Icon / WalletMinimal	65b4ddc391734cf2a8d8eb9f39803559cff33a47
Assets	CMP	Icon / Wallet	c58a3b8a452bdf99e5c3e598afc8d73bc7353fad
Assets	CMP	Icon / Wallpaper	b8d602c1bdd0eb24dee71c10556c678264817a1f
Assets	CMP	Icon / WandSparkles	85ed9a4a42c07bc015abd5c5c31c6ca30b729e7f
Assets	CMP	Icon / Wand	233a322fbd8ef4cc217862247a8bbe2396c9c4ec
Assets	CMP	Icon / Warehouse	d52d3e868afbb58d4c262ebce0637e85b5f342b8
Assets	CMP	Icon / WashingMachine	1b0c79586444f65b5c5cbb8b1d431e28c0952767
Assets	CMP	Icon / Watch	a320a02969628f8f4ec5b44aece458f633aed3fd
Assets	CMP	Icon / Waves	634449f836457e20cd1826808cae7d2f5c653ab5
Assets	CMP	Icon / Waypoints	699a5acdfbd26c5d03f6c7c4524d72ca928a5844
Assets	CMP	Icon / Webcam	2ebaf715614311876f08126a5f1b06b2de865cb1
Assets	CMP	Icon / WebhookOff	4b8534b9784b2eb39016726e34317b8e2d018311
Assets	CMP	Icon / Webhook	4ab47ee6fe7b5bf916f1968bef332f2c85f8810b
Assets	CMP	Icon / Weight	8de10511a22bcae7e615dad6a5e2fccd15e80454
Assets	CMP	Icon / WheatOff	7f492bf8e1c9fff37d7cfe312334d1f4518af769
Assets	CMP	Icon / Wheat	0faa9e8881f20c772151ea3fad0382f482bf3130
Assets	CMP	Icon / WholeWord	57b98302d109cc69c4a933e5bff6445929de3c7e
Assets	CMP	Icon / WifiOff	37e835c06752e11bc370ef13a5ad0b35009a1038
Assets	CMP	Icon / Wifi	54df1cf54bffe00323eb176459c2e99fc8e2c560
Assets	CMP	Icon / Wind	137c6511793a2ba4157ae812c1cd235163f90e90
Assets	CMP	Icon / WineOff	dd92805032f65f1b0676d0be7534bb7af85b9b88
Assets	CMP	Icon / Wine	de136edb0edf61446e9c7f11aeaa5c2cfaa25be2
Assets	CMP	Icon / Workflow	255ed2509bf844c48ffceb83b758747ecd13cd9f
Assets	CMP	Icon / Worm	eb4a5b8dae8add33b769a43b061fb4bfe9950985
Assets	CMP	Icon / WrapText	497d6d3fc7f020d777f884f82e67af230a7f7b6b
Assets	CMP	Icon / Wrench	74efb48d4675e3f10b46d73ed847a9742a6ee4aa
Assets	CMP	Icon / X	a50166fba8f4529994ef09615eca4b01178b10c9
Assets	CMP	Icon / Youtube	32ae2474e5ea7fe341a625d3115b41ed29f556d5
Assets	CMP	Icon / ZapOff	bf768cf52352d0c362ec5bb6e1bec18947234c07
Assets	CMP	Icon / Zap	7fe1856810d099ff702369724272bd952547cb6e
Assets	CMP	Icon / ZoomIn	7fe9f3487f132814226c39b9555fe500720fc1a8
Assets	CMP	Icon / ZoomOut	9545a5ce9edff913be917e2f1db4f758947ed740
Assets	CMP	Icon / AppWindowMac	be3497abb0e0a6eecb9261daf929f13d88a2a6dc
Assets	CMP	Icon / AlignHorizontalJustifyEnd	b295318225760997d4a5412f34c113f9d2e3d106
Assets	CMP	Icon / AlignHorizontalJustifyCenter	185d6f90e3d315d716accd43dd6381661673e505
Assets	CMP	Icon / Antenna	385dfd3b83f1c86944ace09d288e89b57b7c8c65
Assets	CMP	Icon / AlignHorizontalDistributeEnd	a02340bf00538007ebf29e44b6222b4e0f3343e8
Assets	CMP	Icon / Angry	6f8342b1213c632a54e735246933395df6ee3a05
Assets	CMP	Icon / AlignEndVertical	d0420a5ba81d35fa6921b4ead27f2fe87d9014fe
Assets	CMP	Icon / Ampersands	014c89441ad87922ddecb90ea0bac1f055e58bf8
Assets	CMP	Icon / Ampersand	8dbcc146789d98207b92ea664a7f4ad5597e573e
Assets	CMP	Icon / AlignCenterVertical	8ffcf90f3d106beaf3621b93f4d0a9055c06a8c6
Assets	CMP	Icon / AlignCenterHorizontal	5d8b9ac5a7880c7ec752cb9c43e2ecae2e43d614
Assets	CMP	Icon / Album	10dfcb282c20f7d745cb998bf8ee884303540c37
Assets	CMP	Icon / AlignVerticalJustifyStart	bc2bea12e65d14391cfc5aeb651109eb16d526f5
Assets	CMP	Icon / AlignVerticalJustifyEnd	7048fdcbf7d63cde8b7473bb27ef136376e03f53
Assets	CMP	Icon / AlignVerticalJustifyCenter	0c604f6437cdc623600427c3708e84db3d515f60
Assets	CMP	Icon / AlignVerticalDistributeStart	7e4a579c7054b4d9b84ef2aca03226510f53f225
Assets	CMP	Icon / AlignVerticalDistributeEnd	e703de64fc1695b2a81649e4aff2012765536f38
Assets	CMP	Icon / AlignVerticalDistributeCenter	7a525c989cd18218fcf4ea24173ff06026f875b8
Assets	CMP	Icon / Airplay	e2020a1fe3da2a48b826dfcc16c04a4f2e8837dd
Assets	CMP	Icon / AirVent	bc124d8ae4b1b6d81a71503e263697d4f6dcda3c
Assets	CMP	Icon / AlignRight	8984272f1ea755187d8e69a259f5a98a91dbd975
Assets	CMP	Icon / AlignLeft	96262933484348ad97e7cd3bc642b9d962ac87bd
Assets	CMP	Icon / AlignJustify	5f17fb3a26baafce34624e512d1fec8129463947
Assets	CMP	Icon / AlignHorizontalSpaceBetween	30c666000584344113ea723a62963ae7c978b46d
Assets	CMP	Icon / AlignHorizontalSpaceAround	28dfeca145a259eaa8a75249580707285d311a37
Assets	SET	BrandIllustrations	d2f140e95c35001c7db77f804ddcb73e7b489430
Assets	SET	BrandIllustrationsMotifs	73531300d8f0d8041d446b1275bd0b3a750c8f53
Accordion	CMP	Accordion	909428cfee576310c500ec181c5b9fa76cdde096
Accordion	SET	Accordion / AccordionItem	d2fe2c581dc0c4b5bf5d5498788dad27da01c651
Alert	SET	Alert	554c7cfc95a06b87fc36c1fbbecb211dbec6c3e3
Alert Dialog	SET	Alert Dialog	6bfaace7ac33d5666bc2238e9bc20e98c004509c
Aspect Ratio	SET	Aspect Ratio	b541bc5b94b8f57479a1f43efa418cc853f45e3d
Avatar	CMP	Avatar Group	511e3258740119845535b9418a0a24bccf6cfd59
Avatar	SET	Avatar	f20ce5cb0f0c3acf077996f8f7e4ec7190a136da
Badge	SET	Badge	5c75da4590351a2d1e25391c4ac03bf8e2d27e8d
Badge	SET	Badge Number	5a4a59604364b53ec0dc0f121057496368d1a2cf
Breadcrumb	SET	Breadcrumb	278fedbfb508449ee4731820b5224325a06ea06e
Breadcrumb	SET	Breadcrumb / BreadcrumbItem	f25a49fab262587d23385b349ca6fda0345615c5
Button	SET	Button	8e33dcb77c1c15d25eb1ac46c99e61cf70b81829
Calendar	CMP	Calendar / Day Header	97aebce27ce9ace0713b40e5071955f0929b0672
Calendar	SET	Calendar / Day Button	af16778ab30d860a11e4e9a888ffbe9c03b9f7a6
Calendar	SET	Calendar / Arrow Button	f3f7bc9e23d110746f69d370e131fb89bd0e6f06
Calendar	SET	Calendar / Custom Day Button	17c85d9b4cd7cf7d8eff9794557586410e227234
Calendar	SET	Calendar	145cadea9023d8d661e106d7eb1e08e9e74cb4fb
Card	SET	.Card / Example Content	4fb265a1649fcb3b301da008668fb21854e38fa3
Card	SET	.Card / Example Footer	00dc97e8e2036ff5015548a8a14945b5af53b927
Card	CMP	.Local / Card Content 1	056677cde17835e4b7eda17d7fd9a4ede885e2f4
Card	SET	Card	2e1b50dd6bc1b825057b4c12a517830f3b53d7d0
Card	SET	Card Title	e8807931b9030bf57cedaa5624c8bd3b9b3a64f7
Card	SET	Card Header	613acd81cd9cbdb86f63746b8b16f5485b54cb3c
Card	CMP	Card Description	19a6ae0625483a725c5b91fa7c109a4ff9527ef2
Carousel	SET	Carousel / Arrow Button	1a941c258caede4410404205e7c890c264fa890d
Carousel	CMP	Carousel / CarouselItem	67d2eb15937f003e78eda906f3d05212b584a243
Carousel	CMP	Carousel / Basic	a8cb220b09e9b4291440486a45c1ae0f0f798711
Carousel	SET	Carousel	8dc8f8d575a8995ccc28780112e8768b106b4530
Centred Layout	SET	Centred Layout	f1493032736b1cb6741cd905a9a0dbb19ebc4ca8
Chart	SET	Charts / Pie Chart / Pie	e2298e746bb2285c76bb3a592a29497603bbf283
Chart	SET	Charts / Bar Chart / Rectangle	4886f1af9d3e904de5004cdc509fd026b76edd4c
Chart	SET	Charts / Bar Chart / Layer	a1aa688c28962bddb7bf15f49a040baaafe96a2c
Chart	SET	Charts / Grid	963f540c20ef13656cab71cc667c504874c21129
Chart	CMP	Charts / Legend	193f2b63ca3a23191e322d7c5ae021c4e5bac1c3
Chart	SET	Charts / Legend Item	dc23125095fd8617985d71853c4e9d7117bdb0c9
Chart	SET	Charts / Tooltip / Tooltip Item	2f63876b4bc9dbbd35709d04c1c11a2e838f447d
Chart	SET	Charts / Dot	b02d10b8bc40c42b1839a03fcde476048a6beb36
Chart	SET	Charts / Dot on Stroke	dc490e0b812364c625af5e5fc9f346072ec9484a
Chart	CMP	Charts / Pie Chart / Label Wrapper	cfa152e056ebdebf0e7e66988804589caff5d126
Chart	CMP	Charts / Pie Chart / Label List	cbaeb7180900e766ba09b8541948e104531d2907
Chart	CMP	Charts / Tooltip	d5296775b069fcccbc631ce24413cd87c5de613a
Chart	SET	Charts / Radar Chart / Grid	4b792970346123fe31a10cd624e1377ffc428258
Chart	CMP	Charts / Radar Chart / Label Wrapper / Label 	91b664a8d5fa82d922c72e5f339b6dc2af841fe4
Chart	SET	Charts / Radar Chart / Label Wrapper	3ff346b5f6fcd81d056947b0fec647cf77e0f51b
Chart	CMP	Charts / Radar Chart / Radius Axis	5545b64a2d1da600a1d493dc1f115ab5fa1bcd12
Chart	SET	Chart / Bar Chart	469434573a778e5edf4b853e87713ab0498854ee
Chart	SET	Chart / Area Chart	43ecbeb7128f399b7e5a2d6e6a54a01b10a0bb0f
Chart	SET	Chart / Line Chart	2a613fc59d1455382d0cb22ce8e7d39d38f04fba
Chart	SET	Chart / Pie Chart / Full	d9c0564ab57b35b7311c4d78e96d6b9427810dbf
Chart	SET	Chart / Pie Chart / Donut	f4ee01912247c2b611bbf93bc3a0c7bc1415c5f9
Chart	CMP	Chart / Pie Chart / Donut / Interactive	f98f3d99462027edc372b8889705a0535d82ace4
Chart	SET	Chart / Radar Chart	56e601882ce8ee21b8a45b8e4bd3adc5c4dee35f
Chart	SET	Chart / Radial Chart 	4ef3310946d78b0fac9e3173e2e55aea327b78ee
Chart	CMP	card content	cb9b417a538f614f4d8a22de375e2f5fb2638dd7
Chip	SET	Chip	64dce4c841ac44d639d7fbf810b2a074336876b8
Checkbox	SET	Checkbox	0b4b5a8ea23a621cd22ec858cf6c4cc30bc01522
Combobox	SET	Combobox / Menu Item	c805fc8cf06f018b59d54b5ff216b19e27ddaa59
Combobox	CMP	Combobox / Command Menu - Simple	7ef324aa28a2c20758029a54d8d9c4bf3ad80b39
Combobox	CMP	Combobox / Command Menu - Multiselect	8ea8dfd5c8d13ba68cfbb8ae0d88d473585e8b3e
Combobox	CMP	Combobox / Command Menu - Avatars	5bebacb6487e9cb99b69244af7a2db0af92d9d89
Combobox	CMP	Combobox / Command Menu - Groups	1e40db6449a1dbeb259a86f63b3f7aef10561868
Combobox	SET	Combobox	0fb34157f3022150b1556d8563c25a4bb8592865
Combobox	SET	Combobox / Input	e383bfca4ae1d0e9d4a513b9b19ed8a4bf80c266
Command	CMP	Command / Input/Command/Menu Heading	96849e447684df4eb33d3ec20cff1ccec0ba0579
Command	SET	Command	9ba6d6887387eb49e19347c39d11ba257a440216
Command	SET	Command / Input	dc7c6b3a0181889534dd8ee00b55a49db99f2569
Command	SET	Command / Item / Default	f9c4c71836d05b36319220d90065384963ff5e0b
Command	CMP	Command / Input/Command/Item/Separator	a3169ffcea4b778e6c45620fc9c05eec979f46be
Context Menu	CMP	ContextMenu	36dfcd66b7e23c9e0d1875f93ea9b245bf23c226
Context Menu	CMP	ContextMenu / Item / Separator	af83d01de6ccb9aa3ebd169d2aac38c8fcd6300e
Context Menu	SET	ContextMenu / Item / Default	533c166308bb3d5cc464f4fdf4569c59fbc7d491
Context Menu	CMP	ContextMenu / Item / Title	b0cfed131b35631e354252685fe83669ee9677f0
Context Menu	SET	ContextMenu / Item / SubTrigger	bbe1f96b9819873a2ee2e78b47da617761964de9
Data Table	CMP	Data Table	2e6cc6b6dac756213cbc158a9615df480bf33ddb
Data Table	SET	Data Table / TableCell 	dde2544c87c8e84e5f3c71556543f58031edcf4e
Data Table	SET	Data Table / TableHead 	c1aa4ea3f3daebc7cd9a9f6c8b5ed6f0b6e5c688
Date Picker	SET	Date Picker / Range	4c3b715bbf64c7ce5d2c892f9453346dd90249ac
Date Picker	SET	Date Picker / Day Button	2d9e1e92548452a7ab9bc6a9e2c67c5d77d7d3ae
Date Picker	CMP	Date Picker / Preset	165a46ce9355f1333881bb13abb0ae6c045610de
Date Picker	SET	Date Picker	a928a1d863c2c843f378b375bcb3ff12b2a34a67
Dialog	SET	Dialog	9e758d15a8db10e25749650223cd97680e97a28e
Dialog	SET	Dialog / Close Icon	3094316a192dd28c5ce707cf3cb085d18a32e259
Dialog	SET	Dialog / Example Content	f7200f873154ace3eb4c4f83f799bbc2c7a8768b
Drawer	SET	Drawer / Example Content / Button	8e97bceb69fb9aeee85819a459e45f76d2368581
Drawer	SET	Drawer	e158ff602896cbf110e881e83aad6ec92154d90c
Drawer	SET	Drawer / Example Content	b07b661d82d51d3cfdbdcefc8f074584eb3c7d96
Dropdown Menu	CMP	DropdownMenu / Menu	f1b905b995e7b881ff94b4007388c10d3be6e55e
Dropdown Menu	SET	DropdownMenu / Item / Default	ce33b99fecc0379301e249c34596ef0af7d82716
Dropdown Menu	CMP	DropdownMenu	807141d011033dfb4c946849a10580ffe8bf77f1
Dropdown Menu	SET	DropdownMenu / Item / Label	dc8b613befa7e3af07ad22ba71973731750bcb29
Dropdown Menu	CMP	DropdownMenu / Item / User	c3bb4e9de3e033e4a0d3382029bc954faf93c16e
Dropdown Menu	SET	DropdownMenu Trigger / Avatar	c3c0c7c731e5af9ffad293afd9d4d1b8e1671446
Dropdown Menu	CMP	DropdownMenu / Item / Separator	94a0bda779fad33fc0c1130ec647a9ec93a0ad3c
Dropdown Menu	SET	DropdownMenu / Item / SubTrigger	94cfe6f9eaf7a14f738fcbbdb2d40e3de9014ed0
Global Layout	SET	Content Container	2257b5c865c50fcadba033a686f1a6a2625f6c1b
Global Layout	CMP	Global Layout	d965311b6c348da2b3a225238227503228bd50a4
Global Layout	SET	Global Layout – Content	d5dbe2abaf2655400e3a569bb1342429ff15add4
Global Layout	SET	[Content Area]	f5552c0cb492fc7a95240ae8bd079b02e99c231c
Global Layout	CMP	Page Header	6ca548e6930881aff0dd9555172eb5988918f590
Hover Card	SET	Hover Card / Trigger	8260bf67a10c71f7a265bdaefcd764564036a9c5
Hover Card	CMP	Hover Card / Card	8621b74d28af48bdcd3faf520dd6464edc621c36
Hover Card	CMP	Hover Card / Content Example	9a76efd36ec11579b8b6523856a7def8cdf9de08
Hover Card	SET	Hover Card	bc1bebddfad375f368426dde7c5b74c0a575328d
Header	SET	Header	9a34c58d9b44e15b188d16dba365818124a1ca05
Input	SET	Input	549f27cf9297db49200573fe5f8be6ce62ef779d
Input OTP	SET	InputOTP	18681c199455e1ef0acce48c508c6c3e64c24c60
Input OTP	SET	InputOTP / Slot	a762f1ae79921a7e96657d30e839edd95fb518d9
Input Password	SET	Input Password	a321d155b3791723557c513fe0fb696273365c39
Input Chip	SET	Input Chip	d8373f6256006906868394a6203b134b5df399d2
Link	SET	Link	25b502b345c6a8f67223bd074ebfa99992525fe8
List	CMP	List	2825916370c33fc577399382029a896898eee9ea
List	SET	Item	88e7b015c1892f337becad1ba6f14fc3379ff406
List	CMP	Item Subheader	9558b2b6aa57c89b75dee545a9350757e894d911
Logo	SET	Logo	887f23b624ba23adf3a8df877b6049c8932c77e8
Menubar	CMP	Menubar / Menu	444a4501b354b635861f5eb02970e622ef662259
Menubar	CMP	Menubar	d13353bc0a13c92435f810a0bf78773794fd0d6e
Menubar	CMP	Menubar / Item / Separator	cd9739d32c3533e4455ceef3ad2e7d74e53825d9
Menubar	SET	Menubar / Item / Default	f3e230b9cbefeae84e57809d5e6a8c45ffc162db
Menubar	SET	Menubar / Item / SubTrigger	1625a267a2e2e0a6eb8d1e43d81a60930a0f39a5
Menubar	SET	Menubar / Trigger	a578359b4a8ce708c2f380af5574b750b8f41299
Multi-select [WIP]	CMP	Multi-select	b2f0952273a994f3e6e4d322f14d9e6e75893c0b
Multi-select [WIP]	CMP	Mobile Multi-select	0e334686447b3fb07b131733297478fa73340d20
Multi-select [WIP]	CMP	Mobile Command Menu	c33bc855cff2757c1f731b8046a5300c178626f8
Navigation Menu	SET	NavigationMenu / Button	a984fef7bdf38497182dad8881bd70d35501b082
Navigation Menu	CMP	NavigationMenu	80cb6991117b440a821786df5ec3be1ff64ce18b
Navigation Menu	SET	NavigationMenu / Menu Link	fa89b05de306e105aa6d5b41cbb26446693f13f3
Navigation Menu	SET	NavigationMenu / Popover	61b0d06bd42cef73bb7ba5277cf1e0e79a5f6051
Pagination	SET	Pagination / PaginationItem	8c36a5c43d792a6291d8ebd853b9cfca2bc7533e
Pagination	CMP	Pagination	42373662d6bad88673cc35062115d86451210615
Popover	CMP	Popover	22bc037dbbf0ec091dbe3e2c0a646e9f649377cf
Popover	CMP	Popover / Content Example	4e27f6d9ef532ca38e0549bde3d0aeae5946deca
Progress	SET	Progress	9737e63f469982f2ca8bd49fd432b350e80a3c56
Radio Group	SET	Radio / Item	ef99cbad03f10cdd6435807a352faea1df58dc6c
Radio Group	CMP	Radio Group	bd2e5918083f3a262b337621d34489c442ddbb33
Rating	SET	Rating	b3bcd0f72426ad8f5b01d27f4f497de30efa28bf
Resizable	CMP	Resizable	bb2b4dc4988ec228171e0b93abbfb3537df78711
Skeleton	SET	Skeleton	a9f783cab0da65e68d24e30f95e187b1baf011a3
Scroll Area	CMP	Scroll Area	e1cf09996430e09cdee0e5d73b2f2f22c3a7cf52
Select	CMP	Select Menu / Label	ea07280bc19aeae1dbade3fb05b6d7abf6be360c
Select	SET	Select Menu / Item	949934af9e7ba0052724caa8e547695266c19091
Select	SET	Select	18620c150b5dbe9cdb898599aed7d339c2ecfc5d
Select	CMP	Select / Menu	562cb1443c7c50dd7c401043da000d9df3675ef5
Separator	SET	Separator	8ae438c592de4d0ce9e23f17edeb03ad924ff8d5
Sheet	SET	Sheet	6589bd20bea574379295f508be00c8c4fc65e95c
Sheet	CMP	Sheet / Example Content	fc3588a210591609f2acabbf46feb1e4cf48d49b
Sheet	SET	Sheet / Close Icon	9189a8ddff2ecc01634b3489006dfded370ad643
Sidebar	SET	SidebarMenuButton	4ca0a21ab311e95282e309c455da099b983889d5
Sidebar	SET	SidebarGroupLabel	ac347a3fb68b24615e943128c1689df1c53ddd11
Sidebar	SET	SidebarMenuSub	6eb3b78b1b333f9b536bb383c56b872e3e1c6368
Sidebar	SET	SidebarMenuItem	da049f2a41b307f11b21a07b3fda62f3bc104868
Sidebar	SET	SidebarGroup	906f9d6364187be7ae21bfbb797b3c2b9f5a9b24
Sidebar	SET	SidebarMenuSubItem	d4e110539239d8f88f0dc791d3b8a9811a450654
Sidebar	SET	SidebarGroupAction	ce86d89596f310a703a548bab124251154d1f36d
Sidebar	SET	CollapseIcon	4768c45d032da382d777400cf546ae1921e08182
Sidebar	CMP	PopoverMenu	e5c32d4ef6ab2f57121e8d86eef93514cacfc942
Sidebar	CMP	Popover	e5ede69e4e5b1f1723bc38dada40dd11fda015e5
Sidebar	SET	PopoverMenuItem	18c9b0b746ec77900407a7ad29edb100846bfbe6
Sidebar	SET	PopoverTrigger	2b990a7858993457334c3e09a820a89859e8ff18
Sidebar	SET	Header Button	51322d6804d150a67f661f0f8250d60338339701
Sidebar	SET	InboxItem	cae0594c90a0f4c876fc1d9ca0170d59f5fa15fe
Sidebar	CMP	AccountDropdown	72b5a188bce5b11b68d6fdf3baa92407d0947f06
Sidebar	SET	MediaAsset	cbae48b6228df268fde46ad01ad22f94eca09bcb
Slider	SET	Slider	b8528ce9216fc979839b0c24761bd98540d6a379
Slider	SET	Slider / Item	c0ad5e6ef830257f24a0f4b160f28a748596fafc
Sonner	SET	Sonner / Icon	cb71b133a936b4605e65bb54b2d6f2cfabcb666d
Sonner	CMP	Sonner	6c57c100b58e794328dd792ba951c00993076521
Split Layout	SET	Split Layout	f04a2571e018c876e5185cbbbcaf795e17308fdd
Switch	SET	Switch	4b8748dceac66a16cb2fd9176cb1267256a51be9
Table	SET	Table	8e7f41f59f7e5428eea19c0ed3be32d2859b87f5
Table	SET	Table / Cell	5558c0d15e48dfd0be026252a9abe81ef97112c4
Table	SET	Table / Head	20b03983553f3028e4c33ec151fb1ca9abb1e9ee
Table	SET	Table	325b226c797c0f1048f11025dce20ccc21f0c215
Tabs	SET	Tabs / Trigger	2d8176f7fd6710a4c51f07994afb3638dd31f6df
Tabs	CMP	Tabs	a2996f66bacd449a4e938b83d8332687aab474cd
Textarea	SET	Textarea	3109289adb50aa37951b594bc4dffaa7c7335809
Toggle	SET	Toggle	946d46bd331f1074ebfeb428f9fb4b89aee33d10
Toggle Group	CMP	Toggle Group	438d7438bd39509895d9fd81468f731561787986
Tooltip	SET	Tooltip	44be25a8fcc096b35c2d79b2213df56cfd632912
Utility Components	CMP	_Docs Header	e51696f2e5ece8a6930b3da2e3af329ca3626c45
Utility Components	CMP	_Chart / Card	da692c01c9f6ad939e58817863d07cac911f7720
Utility Components	CMP	Slot	bd0a51da508c5d22551b0d407db873fefa3f807a
Utility Components	CMP	Ring	3712a39e7b4f9a5bf7d21352ab13053aea71473e
Utility Components	CMP	_LP / Icon	f2239d6cd55242a03d53f6b14e836694d611d49b
Utility Components	SET	ShadcnDesign Logo	8619401242c2378d280c4c7a2d769d72b981c59b
Utility Components	CMP	_Docs / Header	2de30a427f5307ddc80612afaac07fdaa98faf0b
Utility Components	CMP	Custom Icon / Inner-shadow-top	180265d8a176c84e0e08ba9ba562187492823851
Utility Components	CMP	Custom Icon / Brightness	992e880395020348f9c8c9f2f2a9b988d2f6fcc5
Utility Components	CMP	Custom Icon / Dashboard	c51aaa8c3236c5d5430060d9f0110936bd37ec70
Utility Components	CMP	Custom Icon /List	45436dee08b6ad88d200f00d3d5dd7d12249cf2e
Utility Components	CMP	Custom Icon / Chartbar	cbd7c85a095e09f1c975365ed5a73a53d2cb2af7
Utility Components	CMP	Custom Icon / CirclePlus	be4e8a163a6f1df56e31ef9a04567dedbec2b510
Utility Components	CMP	Colour Swatch	94a70a1d06f1e04d60c1c0e6509166320e261da0
Utility Components	CMP	.Color Row - Mode	047c2fab9082e5e9a510cd80ae04ab7b149d5588
Utility Components	CMP	.Color Row - Mode	c7bfb25418695bb29771ca40a64279cae07840b0
Utility Components	SET	.Color Row	1063e1c1329e250454de08cec844c5782f2177fe
Utility Components	CMP	Notes	d02cfccb4ad3949a475429c92649283e135477aa
Utility Components	CMP	Handoff Checklist	2477d2f41a439129bb229e8c3a0456b78136fe14
